energy_MeV,H1_sigmaT,O16_sigmaT
1e-11,1192.16,56.1524
1.0584e-11,1158.81,54.5879
1.12022e-11,1126.4,53.0669
1.18564e-11,1094.89,51.589
1.25489e-11,1064.26,50.1523
1.32818e-11,1034.49,48.7564
1.40575e-11,1005.55,47.3995
1.48785e-11,977.423,46.0808
1.57475e-11,950.084,44.7994
1.66672e-11,923.509,43.5539
1.76406e-11,897.679,42.3436
1.86709e-11,872.572,41.1676
1.97613e-11,848.167,40.0243
2.09155e-11,824.446,38.9135
2.2137e-11,801.388,37.8339
2.34299e-11,778.977,36.7849
2.47983e-11,757.192,35.7655
2.62466e-11,736.018,34.7749
2.77795e-11,715.437,33.8124
2.94019e-11,695.432,32.8773
3.11191e-11,675.987,31.9681
3.29366e-11,657.087,31.0853
3.48602e-11,638.716,30.2269
3.68962e-11,620.86,29.3935
3.9051e-11,603.503,28.5832
4.13318e-11,586.633,27.7963
4.37457e-11,570.235,27.0316
4.63006e-11,554.297,26.2886
4.90047e-11,538.805,25.567
5.18668e-11,523.747,24.8662
5.4896e-11,509.111,24.185
5.81022e-11,494.886,23.5234
6.14955e-11,481.058,22.8806
6.50871e-11,467.619,22.2565
6.88884e-11,454.556,21.6499
7.29118e-11,441.86,21.0612
7.71701e-11,429.519,20.4893
8.16771e-11,417.524,19.9337
8.64474e-11,405.865,19.3943
9.14962e-11,394.534,18.8711
9.68399e-11,383.52,18.3624
1.02496e-10,372.815,17.8684
1.08482e-10,362.411,17.3891
1.14818e-10,352.298,16.9235
1.21523e-10,342.469,16.4717
1.28621e-10,332.916,16.0331
1.36133e-10,323.631,15.6072
1.44083e-10,314.607,15.1943
1.52498e-10,305.836,14.7932
1.61405e-10,297.312,14.4041
1.70832e-10,289.027,14.0268
1.80809e-10,280.975,13.6611
1.91369e-10,273.15,13.306
2.02545e-10,265.543,12.9608
2.14375e-10,258.152,12.6268
2.26895e-10,250.968,12.3029
2.40147e-10,243.986,11.9887
2.54172e-10,237.201,11.6852
2.69017e-10,230.607,11.3893
2.84728e-10,224.199,11.1035
3.01357e-10,217.972,10.8263
3.18958e-10,211.919,10.5574
3.37586e-10,206.038,10.2976
3.57302e-10,200.322,10.0454
3.7817e-10,194.768,9.80154
4.00257e-10,189.371,9.56549
4.23633e-10,184.125,9.3365
4.48375e-10,179.029,9.11586
4.74562e-10,174.077,8.90192
5.02278e-10,169.265,8.69485
5.31613e-10,164.591,8.49587
5.62661e-10,160.046,8.30147
5.95522e-10,155.633,8.11566
6.30303e-10,151.343,7.9346
6.67115e-10,147.177,7.76084
7.06077e-10,143.128,7.59259
7.47315e-10,139.194,7.42987
7.90961e-10,135.374,7.27524
8.37156e-10,131.662,7.12413
8.86049e-10,128.056,6.97748
9.37797e-10,124.555,6.83844
9.92568e-10,121.15,6.70218
1.05054e-09,117.847,6.57322
1.11189e-09,114.635,6.44742
1.17683e-09,111.518,6.32781
1.24556e-09,108.488,6.21138
1.31831e-09,105.549,6.10113
1.3953e-09,102.693,5.99412
1.47679e-09,99.9195,5.89188
1.56304e-09,97.2273,5.79518
1.65433e-09,94.6124,5.70147
1.75095e-09,92.0732,5.60935
1.85321e-09,89.6132,5.52475
1.96145e-09,87.2189,5.44143
2.076e-09,84.8968,5.36357
2.19725e-09,82.6415,5.28901
2.32558e-09,80.4552,5.21547
2.4614e-09,78.3329,5.14702
2.60515e-09,76.2727,5.08182
2.75731e-09,74.2738,5.0177
2.91834e-09,72.3396,4.95944
3.08878e-09,70.4557,4.90186
3.26918e-09,68.634,4.84849
3.46011e-09,66.8626,4.7966
3.6622e-09,65.1492,4.74955
3.87608e-09,63.4828,4.70403
4.10246e-09,61.8733,4.65895
4.34206e-09,60.3098,4.61646
4.59565e-09,58.7942,4.57788
4.86406e-09,57.3281,4.53962
5.14813e-09,55.9084,4.50451
5.4488e-09,54.5317,4.47232
5.76704e-09,53.1972,4.44036
6.10385e-09,51.906,4.40862
6.46034e-09,50.6565,4.38004
6.83765e-09,49.4444,4.35373
7.23699e-09,48.2763,4.32758
7.65966e-09,47.1433,4.30292
8.10701e-09,46.0466,4.28066
8.58049e-09,44.9897,4.25851
9.08162e-09,43.9712,4.23824
9.61202e-09,42.9828,4.21899
1.01734e-08,42.0245,4.2007
1.07676e-08,41.1051,4.1845
1.13964e-08,40.2113,4.16835
1.2062e-08,39.3548,4.15227
1.27665e-08,38.5246,4.13728
1.35121e-08,37.7252,4.12408
1.43013e-08,36.9563,4.11093
1.51365e-08,36.212,4.09812
1.60205e-08,35.4981,4.08698
1.69562e-08,34.8112,4.07586
1.79465e-08,34.1523,4.06541
1.89946e-08,33.5189,4.05577
2.0104e-08,32.8999,4.0463
2.12782e-08,32.3189,4.03825
2.25209e-08,31.7481,4.03022
2.38362e-08,31.2113,4.0222
2.52283e-08,30.6863,4.0142
2.67017e-08,30.1944,4.0082
2.82612e-08,29.7117,4.0023
2.99118e-08,29.2592,3.99642
3.16587e-08,28.8177,3.99055
3.35077e-08,28.4024,3.98468
3.54647e-08,28.002,3.97882
3.7536e-08,27.6179,3.97298
3.97282e-08,27.2556,3.96871
4.20485e-08,26.9078,3.96454
4.45043e-08,26.5772,3.96037
4.71035e-08,26.2658,3.95621
4.98545e-08,25.9581,3.95206
5.27662e-08,25.677,3.94877
5.58479e-08,25.4003,3.94554
5.91097e-08,25.1445,3.94232
6.25619e-08,24.8943,3.9391
6.62157e-08,24.6638,3.93646
7.0083e-08,24.4407,3.93383
7.41761e-08,24.2296,3.93119
7.85083e-08,24.0309,3.92889
8.30934e-08,23.8411,3.92666
8.79464e-08,23.6611,3.92446
9.30828e-08,23.4957,3.92253
9.85192e-08,23.3315,3.92061
1.04273e-07,23.1805,3.91891
1.10363e-07,23.0348,3.91729
1.16809e-07,22.8988,3.91568
1.23631e-07,22.768,3.91406
1.30851e-07,22.6468,3.91269
1.38493e-07,22.5294,3.91137
1.46582e-07,22.4207,3.91005
1.55143e-07,22.3171,3.90885
1.64204e-07,22.2184,3.90774
1.73794e-07,22.1255,3.90662
1.83944e-07,22.0402,3.90564
1.94687e-07,21.9563,3.90468
2.06058e-07,21.877,3.90381
2.18092e-07,21.8018,3.90304
2.30829e-07,21.7323,3.90227
2.44311e-07,21.6656,3.9015
2.58579e-07,21.6023,3.90072
2.73681e-07,21.5427,3.89995
2.89665e-07,21.4879,3.89935
3.06583e-07,21.4338,3.89877
3.24489e-07,21.3836,3.89819
3.4344e-07,21.3355,3.8976
3.63498e-07,21.2905,3.8971
3.84728e-07,21.2471,3.89663
4.07197e-07,21.2071,3.89616
4.30979e-07,21.1687,3.89571
4.5615e-07,21.1337,3.89532
4.82791e-07,21.0988,3.89492
5.10988e-07,21.0661,3.89456
5.40831e-07,21.037,3.89423
5.72418e-07,21.0079,3.89391
6.05849e-07,20.9789,3.89359
6.41233e-07,20.9523,3.89329
6.78683e-07,20.9283,3.89303
7.18321e-07,20.9045,3.89276
7.60273e-07,20.8815,3.89251
8.04676e-07,20.8611,3.89228
8.51672e-07,20.8408,3.89206
9.01413e-07,20.8218,3.89185
9.54059e-07,20.8041,3.89166
1.00978e-06,20.7868,3.89147
1.06875e-06,20.7718,3.89131
1.13117e-06,20.7568,3.89115
1.19724e-06,20.7418,3.89098
1.26716e-06,20.7275,3.89083
1.34117e-06,20.7151,3.8907
1.4195e-06,20.7028,3.89056
1.5024e-06,20.6905,3.89043
1.59015e-06,20.6799,3.89032
1.68302e-06,20.6693,3.89021
1.78131e-06,20.6592,3.8901
1.88535e-06,20.65,3.89
1.99546e-06,20.6407,3.88991
2.112e-06,20.6331,3.88983
2.23535e-06,20.6255,3.88975
2.3659e-06,20.618,3.88967
2.50408e-06,20.6105,3.88959
2.65033e-06,20.6031,3.88952
2.80512e-06,20.5962,3.88944
2.96895e-06,20.5903,3.88939
3.14235e-06,20.5845,3.88933
3.32587e-06,20.5787,3.88927
3.52011e-06,20.5731,3.88921
3.7257e-06,20.5683,3.88916
3.9433e-06,20.5635,3.88911
4.1736e-06,20.5588,3.88907
4.41735e-06,20.5545,3.88902
4.67534e-06,20.5504,3.88898
4.9484e-06,20.5464,3.88894
5.2374e-06,20.5428,3.88891
5.54329e-06,20.5394,3.88888
5.86704e-06,20.536,3.88884
6.20969e-06,20.5326,3.88881
6.57236e-06,20.5296,3.88878
6.95621e-06,20.5268,3.88875
7.36248e-06,20.5239,3.88873
7.79248e-06,20.5213,3.8887
8.24759e-06,20.5188,3.88868
8.72928e-06,20.5163,3.88865
9.2391e-06,20.5141,3.88863
9.7787e-06,20.5119,3.88861
1.03498e-05,20.5099,3.88859
1.09543e-05,20.508,3.88857
1.15941e-05,20.5061,3.88856
1.22712e-05,20.5042,3.88854
1.29879e-05,20.5026,3.88852
1.37464e-05,20.501,3.88851
1.45493e-05,20.4994,3.88849
1.5399e-05,20.4979,3.88848
1.62983e-05,20.4965,3.88847
1.72502e-05,20.4951,3.88845
1.82577e-05,20.4938,3.88844
1.9324e-05,20.4925,3.88843
2.04526e-05,20.4914,3.88842
2.16471e-05,20.4903,3.8884
2.29114e-05,20.4892,3.88839
2.42495e-05,20.4882,3.88838
2.56658e-05,20.4871,3.88837
2.71647e-05,20.4861,3.88836
2.87513e-05,20.4852,3.88835
3.04305e-05,20.4844,3.88834
3.22077e-05,20.4835,3.88833
3.40888e-05,20.4827,3.88832
3.60797e-05,20.4819,3.88831
3.81869e-05,20.4811,3.8883
4.04171e-05,20.4804,3.88829
4.27776e-05,20.4797,3.88828
4.5276e-05,20.4791,3.88827
4.79203e-05,20.4784,3.88826
5.0719e-05,20.4778,3.88825
5.36812e-05,20.4772,3.88824
5.68164e-05,20.4767,3.88823
6.01346e-05,20.4761,3.88822
6.36467e-05,20.4756,3.88821
6.73639e-05,20.4751,3.8882
7.12982e-05,20.4746,3.88818
7.54623e-05,20.4741,3.88817
7.98696e-05,20.4736,3.88816
8.45343e-05,20.4732,3.88815
8.94714e-05,20.4727,3.88813
9.46969e-05,20.4721,3.88812
0.000100228,20.4714,3.8881
0.000106081,20.4682,3.88809
0.000112277,20.4651,3.88807
0.000118834,20.462,3.88806
0.000125774,20.4589,3.88804
0.00013312,20.4557,3.88802
0.000140895,20.4525,3.888
0.000149124,20.4493,3.88798
0.000157833,20.4461,3.88796
0.000167051,20.4429,3.88794
0.000176807,20.4397,3.88791
0.000187134,20.4366,3.88789
0.000198063,20.4334,3.88786
0.000209631,20.4303,3.88783
0.000221874,20.4272,3.8878
0.000234832,20.424,3.88777
0.000248547,20.4209,3.88774
0.000263063,20.4178,3.88771
0.000278427,20.4147,3.88767
0.000294688,20.4116,3.88763
0.000311899,20.4085,3.88759
0.000330115,20.4054,3.88755
0.000349395,20.4023,3.88751
0.000369801,20.3992,3.88746
0.000391399,20.3962,3.88741
0.000414258,20.3931,3.88735
0.000438452,20.39,3.8873
0.00046406,20.387,3.88724
0.000491162,20.3839,3.88718
0.000519848,20.3809,3.88711
0.000550209,20.3778,3.88703
0.000582344,20.3748,3.88696
0.000616355,20.3717,3.88689
0.000652352,20.3687,3.8868
0.000690452,20.3657,3.88671
0.000730777,20.3626,3.88662
0.000773457,20.3596,3.88652
0.00081863,20.3566,3.88642
0.000866441,20.3536,3.88631
0.000917044,20.3503,3.88619
0.000970603,20.3469,3.88607
0.00102729,20.3365,3.88593
0.00108729,20.3182,3.88579
0.00115079,20.2999,3.88564
0.001218,20.2817,3.88549
0.00128913,20.2633,3.88532
0.00136443,20.2449,3.88514
0.00144411,20.2265,3.88496
0.00152845,20.2081,3.88477
0.00161772,20.1897,3.88456
0.0017122,20.1713,3.88434
0.0018122,20.1529,3.88411
0.00191804,20.1346,3.88386
0.00203006,20.1163,3.8836
0.00214862,20.098,3.88328
0.00227411,20.0797,3.88297
0.00240693,20.0615,3.88266
0.0025475,20.0432,3.88235
0.00269629,20.025,3.88204
0.00285376,20.0068,3.88166
0.00302043,19.9886,3.88125
0.00319683,19.9704,3.88084
0.00338354,19.9523,3.88043
0.00358115,19.9341,3.87998
0.00379031,19.916,3.87947
0.00401167,19.8979,3.87896
0.00424597,19.8798,3.87845
0.00449395,19.8617,3.87785
0.00475641,19.8434,3.87724
0.00503421,19.8212,3.87661
0.00532822,19.7711,3.87587
0.00563941,19.7213,3.87514
0.00596877,19.6715,3.8744
0.00631737,19.6216,3.87363
0.00668633,19.5719,3.87273
0.00707684,19.5222,3.87182
0.00749015,19.4727,3.87092
0.0079276,19.4233,3.86986
0.00839061,19.3741,3.86879
0.00888065,19.3249,3.86768
0.00939931,19.2757,3.86645
0.00994827,19.2264,3.86521
0.0105293,19.1386,3.8638
0.0111442,19.0474,3.86237
0.0117951,18.9565,3.86094
0.012484,18.8661,3.85951
0.0132131,18.776,3.85777
0.0139848,18.6863,3.85602
0.0148015,18.597,3.85427
0.015666,18.5081,3.85228
0.016581,18.4196,3.85021
0.0175493,18.3316,3.84813
0.0185743,18.2437,3.84574
0.0196591,18.1563,3.84335
0.0208073,18.0344,3.84053
0.0220225,17.8983,3.83752
0.0233087,17.763,3.83451
0.02467,17.6287,3.83151
0.0261108,17.4953,3.82851
0.0276358,17.3629,3.82542
0.0292498,17.2315,3.82145
0.0309581,17.0784,3.81748
0.0327662,16.9088,3.81352
0.0346799,16.7408,3.80955
0.0367053,16.5742,3.80478
0.038849,16.4093,3.79985
0.041118,16.2301,3.79492
0.0435194,16.0362,3.78959
0.0460611,15.8445,3.7837
0.0487512,15.6549,3.77782
0.0515985,15.4522,3.77151
0.054612,15.2399,3.76486
0.0578016,15.0304,3.75822
0.0611774,14.8157,3.75159
0.0647504,14.5891,3.74402
0.0685321,14.3657,3.73589
0.0725346,14.1338,3.72777
0.0767709,13.8985,3.71904
0.0812546,13.6625,3.70942
0.0860001,13.4185,3.69982
0.0910229,13.1759,3.68917
0.0963389,12.9265,3.67807
0.101966,12.6757,3.66672
0.107921,12.4184,3.65485
0.114224,12.1662,3.64302
0.120895,11.9166,3.63122
0.127955,11.6563,3.61831
0.135429,11.4016,3.60379
0.143338,11.1463,3.58933
0.15171,10.8885,3.57502
0.16057,10.6358,3.56112
0.169948,10.3789,3.54727
0.179873,10.1282,3.53237
0.190379,9.8755,3.51636
0.201497,9.62805,3.50077
0.213266,9.38071,3.4876
0.225721,9.13726,3.47597
0.238904,8.89721,3.46619
0.252857,8.65938,3.46241
0.267625,8.42578,3.46521
0.283255,8.19619,3.47822
0.299798,7.97054,3.50836
0.317308,7.74878,3.57662
0.33584,7.53148,3.71284
0.355454,7.31876,3.99803
0.376214,7.11072,4.6693
0.398186,6.90733,6.58724
0.421442,6.7087,12.9362
0.446055,6.51486,13.786
0.472107,6.32582,6.70755
0.499679,6.14173,4.49324
0.528863,5.96218,3.70302
0.55975,5.78767,3.32694
0.592442,5.61783,3.11065
0.627042,5.45265,2.96692
0.663664,5.29208,2.86106
0.702424,5.13598,2.78176
0.743449,4.98422,2.72746
0.786869,4.83674,2.70915
0.832825,4.69346,2.76612
0.881465,4.55426,3.03665
0.932946,4.41893,4.16804
0.987433,4.28743,7.81257
1.0451,4.15941,5.58169
1.10614,4.03506,3.51315
1.17074,3.91403,2.84949
1.23912,3.79624,2.7447
1.31149,3.6816,6.67829
1.38808,3.56986,2.50629
1.46915,3.46099,2.10424
1.55496,3.35484,1.93373
1.64577,3.25132,2.80929
1.74189,3.15032,1.69085
1.84363,3.05168,2.34067
1.9513,2.9553,1.81175
2.06526,2.86113,1.49112
2.18588,2.76911,1.28553
2.31355,2.67907,0.412184
2.44867,2.59091,0.889585
2.59168,2.50473,1.09107
2.74304,2.42027,1.09056
2.90324,2.33772,1.08648
3.07281,2.25657,1.39613
3.25227,2.17736,2.90303
3.44221,2.09982,4.66301
3.64325,2.02389,3.06213
3.85603,1.94951,2.40923
4.08124,1.87672,1.21679
4.3196,1.80553,2.9749
4.57188,1.73601,1.32459
4.83889,1.66792,2.01998
5.1215,1.60121,3.51088
5.42062,1.53641,0.980779
5.7372,1.47297,1.39236
6.07227,1.41142,1.33402
6.42692,1.3513,1.10121
6.80227,1.29268,1.41881
7.19955,1.23578,1.82198
7.62003,1.18053,1.15465
8.06507,1.1269,0.900167
8.5361,1.07477,1.11322
9.03464,1.02435,1.32807
9.5623,0.975519,1.21579
10.1208,0.928292,1.40293
10.7119,0.882686,1.23476
11.3375,0.838703,1.62731
11.9996,0.796334,1.64873
12.7004,0.755469,1.55214
13.4422,0.716214,1.59723
14.2273,0.678448,1.61553
15.0582,0.642214,1.75589
15.9377,0.607429,1.5935
16.8685,0.574062,1.58528
17.8537,0.542121,1.6229
18.8964,0.511545,1.67874
20,0.482296,1.6398
