energy_MeV,U238_inelastic
1e-11,0
1.0584e-11,0
1.12022e-11,0
1.18564e-11,0
1.25489e-11,0
1.32818e-11,0
1.40575e-11,0
1.48785e-11,0
1.57475e-11,0
1.66672e-11,0
1.76406e-11,0
1.86709e-11,0
1.97613e-11,0
2.09155e-11,0
2.2137e-11,0
2.34299e-11,0
2.47983e-11,0
2.62466e-11,0
2.77795e-11,0
2.94019e-11,0
3.11191e-11,0
3.29366e-11,0
3.48602e-11,0
3.68962e-11,0
3.9051e-11,0
4.13318e-11,0
4.37457e-11,0
4.63006e-11,0
4.90047e-11,0
5.18668e-11,0
5.4896e-11,0
5.81022e-11,0
6.14955e-11,0
6.50871e-11,0
6.88884e-11,0
7.29118e-11,0
7.71701e-11,0
8.16771e-11,0
8.64474e-11,0
9.14962e-11,0
9.68399e-11,0
1.02496e-10,0
1.08482e-10,0
1.14818e-10,0
1.21523e-10,0
1.28621e-10,0
1.36133e-10,0
1.44083e-10,0
1.52498e-10,0
1.61405e-10,0
1.70832e-10,0
1.80809e-10,0
1.91369e-10,0
2.02545e-10,0
2.14375e-10,0
2.26895e-10,0
2.40147e-10,0
2.54172e-10,0
2.69017e-10,0
2.84728e-10,0
3.01357e-10,0
3.18958e-10,0
3.37586e-10,0
3.57302e-10,0
3.7817e-10,0
4.00257e-10,0
4.23633e-10,0
4.48375e-10,0
4.74562e-10,0
5.02278e-10,0
5.31613e-10,0
5.62661e-10,0
5.95522e-10,0
6.30303e-10,0
6.67115e-10,0
7.06077e-10,0
7.47315e-10,0
7.90961e-10,0
8.37156e-10,0
8.86049e-10,0
9.37797e-10,0
9.92568e-10,0
1.05054e-09,0
1.11189e-09,0
1.17683e-09,0
1.24556e-09,0
1.31831e-09,0
1.3953e-09,0
1.47679e-09,0
1.56304e-09,0
1.65433e-09,0
1.75095e-09,0
1.85321e-09,0
1.96145e-09,0
2.076e-09,0
2.19725e-09,0
2.32558e-09,0
2.4614e-09,0
2.60515e-09,0
2.75731e-09,0
2.91834e-09,0
3.08878e-09,0
3.26918e-09,0
3.46011e-09,0
3.6622e-09,0
3.87608e-09,0
4.10246e-09,0
4.34206e-09,0
4.59565e-09,0
4.86406e-09,0
5.14813e-09,0
5.4488e-09,0
5.76704e-09,0
6.10385e-09,0
6.46034e-09,0
6.83765e-09,0
7.23699e-09,0
7.65966e-09,0
8.10701e-09,0
8.58049e-09,0
9.08162e-09,0
9.61202e-09,0
1.01734e-08,0
1.07676e-08,0
1.13964e-08,0
1.2062e-08,0
1.27665e-08,0
1.35121e-08,0
1.43013e-08,0
1.51365e-08,0
1.60205e-08,0
1.69562e-08,0
1.79465e-08,0
1.89946e-08,0
2.0104e-08,0
2.12782e-08,0
2.25209e-08,0
2.38362e-08,0
2.52283e-08,0
2.67017e-08,0
2.82612e-08,0
2.99118e-08,0
3.16587e-08,0
3.35077e-08,0
3.54647e-08,0
3.7536e-08,0
3.97282e-08,0
4.20485e-08,0
4.45043e-08,0
4.71035e-08,0
4.98545e-08,0
5.27662e-08,0
5.58479e-08,0
5.91097e-08,0
6.25619e-08,0
6.62157e-08,0
7.0083e-08,0
7.41761e-08,0
7.85083e-08,0
8.30934e-08,0
8.79464e-08,0
9.30828e-08,0
9.85192e-08,0
1.04273e-07,0
1.10363e-07,0
1.16809e-07,0
1.23631e-07,0
1.30851e-07,0
1.38493e-07,0
1.46582e-07,0
1.55143e-07,0
1.64204e-07,0
1.73794e-07,0
1.83944e-07,0
1.94687e-07,0
2.06058e-07,0
2.18092e-07,0
2.30829e-07,0
2.44311e-07,0
2.58579e-07,0
2.73681e-07,0
2.89665e-07,0
3.06583e-07,0
3.24489e-07,0
3.4344e-07,0
3.63498e-07,0
3.84728e-07,0
4.07197e-07,0
4.30979e-07,0
4.5615e-07,0
4.82791e-07,0
5.10988e-07,0
5.40831e-07,0
5.72418e-07,0
6.05849e-07,0
6.41233e-07,0
6.78683e-07,0
7.18321e-07,0
7.60273e-07,0
8.04676e-07,0
8.51672e-07,0
9.01413e-07,0
9.54059e-07,0
1.00978e-06,0
1.06875e-06,0
1.13117e-06,0
1.19724e-06,0
1.26716e-06,0
1.34117e-06,0
1.4195e-06,0
1.5024e-06,0
1.59015e-06,0
1.68302e-06,0
1.78131e-06,0
1.88535e-06,0
1.99546e-06,0
2.112e-06,0
2.23535e-06,0
2.3659e-06,0
2.50408e-06,0
2.65033e-06,0
2.80512e-06,0
2.96895e-06,0
3.14235e-06,0
3.32587e-06,0
3.52011e-06,0
3.7257e-06,0
3.9433e-06,0
4.1736e-06,0
4.41735e-06,0
4.67534e-06,0
4.9484e-06,0
5.2374e-06,0
5.54329e-06,0
5.86704e-06,0
6.20969e-06,0
6.57236e-06,0
6.95621e-06,0
7.36248e-06,0
7.79248e-06,0
8.24759e-06,0
8.72928e-06,0
9.2391e-06,0
9.7787e-06,0
1.03498e-05,0
1.09543e-05,0
1.15941e-05,0
1.22712e-05,0
1.29879e-05,0
1.37464e-05,0
1.45493e-05,0
1.5399e-05,0
1.62983e-05,0
1.72502e-05,0
1.82577e-05,0
1.9324e-05,0
2.04526e-05,0
2.16471e-05,0
2.29114e-05,0
2.42495e-05,0
2.56658e-05,0
2.71647e-05,0
2.87513e-05,0
3.04305e-05,0
3.22077e-05,0
3.40888e-05,0
3.60797e-05,0
3.81869e-05,0
4.04171e-05,0
4.27776e-05,0
4.5276e-05,0
4.79203e-05,0
5.0719e-05,0
5.36812e-05,0
5.68164e-05,0
6.01346e-05,0
6.36467e-05,0
6.73639e-05,0
7.12982e-05,0
7.54623e-05,0
7.98696e-05,0
8.45343e-05,0
8.94714e-05,0
9.46969e-05,0
0.000100228,0
0.000106081,0
0.000112277,0
0.000118834,0
0.000125774,0
0.00013312,0
0.000140895,0
0.000149124,0
0.000157833,0
0.000167051,0
0.000176807,0
0.000187134,0
0.000198063,0
0.000209631,0
0.000221874,0
0.000234832,0
0.000248547,0
0.000263063,0
0.000278427,0
0.000294688,0
0.000311899,0
0.000330115,0
0.000349395,0
0.000369801,0
0.000391399,0
0.000414258,0
0.000438452,0
0.00046406,0
0.000491162,0
0.000519848,0
0.000550209,0
0.000582344,0
0.000616355,0
0.000652352,0
0.000690452,0
0.000730777,0
0.000773457,0
0.00081863,0
0.000866441,0
0.000917044,0
0.000970603,0
0.00102729,0
0.00108729,0
0.00115079,0
0.001218,0
0.00128913,0
0.00136443,0
0.00144411,0
0.00152845,0
0.00161772,0
0.0017122,0
0.0018122,0
0.00191804,0
0.00203006,0
0.00214862,0
0.00227411,0
0.00240693,0
0.0025475,0
0.00269629,0
0.00285376,0
0.00302043,0
0.00319683,0
0.00338354,0
0.00358115,0
0.00379031,0
0.00401167,0
0.00424597,0
0.00449395,0
0.00475641,0
0.00503421,0
0.00532822,0
0.00563941,0
0.00596877,0
0.00631737,0
0.00668633,0
0.00707684,0
0.00749015,0
0.0079276,0
0.00839061,0
0.00888065,0
0.00939931,0
0.00994827,0
0.0105293,0
0.0111442,0
0.0117951,0
0.012484,0
0.0132131,0
0.0139848,0
0.0148015,0
0.015666,0
0.016581,0
0.0175493,0
0.0185743,0
0.0196591,0
0.0208073,0
0.0220225,0
0.0233087,0
0.02467,0
0.0261108,0
0.0276358,0
0.0292498,0
0.0309581,0
0.0327662,0
0.0346799,0
0.0367053,0
0.038849,0
0.041118,0
0.0435194,0
0.0460611,0.0118956
0.0487512,0.0473248
0.0515985,0.0853121
0.054612,0.126681
0.0578016,0.16653
0.0611774,0.208821
0.0647504,0.248982
0.0685321,0.291715
0.0725346,0.330495
0.0767709,0.369303
0.0812546,0.409783
0.0860001,0.446334
0.0910229,0.48472
0.0963389,0.520232
0.101966,0.5559
0.107921,0.589038
0.114224,0.624139
0.120895,0.660317
0.127955,0.692074
0.135429,0.725684
0.143338,0.759324
0.15171,0.79136
0.16057,0.823283
0.169948,0.853479
0.179873,0.885435
0.190379,0.91484
0.201497,0.94509
0.213266,0.973066
0.225721,1.00239
0.238904,1.03017
0.252857,1.05778
0.267625,1.08454
0.283255,1.11042
0.299798,1.13779
0.317308,1.2013
0.33584,1.24129
0.355454,1.27834
0.376214,1.31531
0.398186,1.35451
0.421442,1.39634
0.446055,1.43372
0.472107,1.47029
0.499679,1.50864
0.528863,1.54823
0.55975,1.58665
0.592442,1.62146
0.627042,1.65726
0.663664,1.68829
0.702424,1.7692
0.743449,1.84192
0.786869,2.03379
0.832825,2.17529
0.881465,2.25118
0.932946,2.30497
0.987433,2.42713
1.0451,2.53571
1.10614,2.78494
1.17074,2.94108
1.23912,3.03725
1.31149,3.158
1.38808,3.16481
1.46915,3.14099
1.55496,3.10717
1.64577,3.01657
1.74189,2.8333
1.84363,2.59496
1.9513,2.35885
2.06526,2.14866
2.18588,1.96424
2.31355,1.80474
2.44867,1.67651
2.59168,1.57579
2.74304,1.50344
2.90324,1.4463
3.07281,1.39669
3.25227,1.3641
3.44221,1.34101
3.64325,1.32178
3.85603,1.30331
4.08124,1.28576
4.3196,1.26769
4.57188,1.24864
4.83889,1.22779
5.1215,1.18733
5.42062,1.14331
5.7372,1.1166
6.07227,1.0883
6.42692,1.05932
6.80227,1.02902
7.19955,0.996915
7.62003,0.962558
8.06507,0.924885
8.5361,0.883417
9.03464,0.83699
9.5623,0.785402
10.1208,0.731619
10.7119,0.676688
11.3375,0.61839
11.9996,0.558031
12.7004,0.503298
13.4422,0.446443
14.2273,0.390085
15.0582,0.342244
15.9377,0.292193
16.8685,0.25436
17.8537,0.216423
18.8964,0.177468
20,0.137855
