energy_MeV,water_SigT_cm^-1,natU_SigT_cm^-1
1e-11,81.6002,20.9174
1.0584e-11,79.3177,20.3351
1.12022e-11,77.099,19.7689
1.18564e-11,74.9425,19.2189
1.25489e-11,72.8462,18.6841
1.32818e-11,70.8088,18.1646
1.40575e-11,68.8284,17.6595
1.48785e-11,66.9033,17.1688
1.57475e-11,65.0322,16.6918
1.66672e-11,63.2135,16.2283
1.76406e-11,61.4456,15.7779
1.86709e-11,59.7274,15.3403
1.97613e-11,58.0571,14.9148
2.09155e-11,56.4337,14.5014
2.2137e-11,54.8557,14.0997
2.34299e-11,53.3219,13.7093
2.47983e-11,51.8311,13.33
2.62466e-11,50.382,12.9614
2.77795e-11,48.9735,12.6032
2.94019e-11,47.6044,12.2553
3.11191e-11,46.2737,11.917
3.29366e-11,44.9803,11.5885
3.48602e-11,43.7231,11.2692
3.68962e-11,42.5011,10.9591
3.9051e-11,41.3133,10.6576
4.13318e-11,40.1589,10.3648
4.37457e-11,39.0368,10.0803
4.63006e-11,37.9461,9.80382
4.90047e-11,36.886,9.53533
5.18668e-11,35.8556,9.27453
5.4896e-11,34.8541,9.02106
5.81022e-11,33.8807,8.77486
6.14955e-11,32.9345,8.53565
6.50871e-11,32.0149,8.30336
6.88884e-11,31.1211,8.07759
7.29118e-11,30.2524,7.85844
7.71701e-11,29.408,7.6455
8.16771e-11,28.5873,7.43863
8.64474e-11,27.7896,7.23776
9.14962e-11,27.0144,7.0428
9.68399e-11,26.2609,6.85328
1.02496e-10,25.5285,6.6692
1.08482e-10,24.8167,6.4905
1.14818e-10,24.1248,6.31687
1.21523e-10,23.4524,6.14832
1.28621e-10,22.7989,5.98462
1.36133e-10,22.1638,5.82561
1.44083e-10,21.5465,5.67129
1.52498e-10,20.9466,5.52136
1.61405e-10,20.3635,5.37579
1.70832e-10,19.7969,5.23449
1.80809e-10,19.2463,5.09735
1.91369e-10,18.7111,4.96413
2.02545e-10,18.1909,4.83464
2.14375e-10,17.6854,4.70903
2.26895e-10,17.1942,4.58707
2.40147e-10,16.7168,4.46861
2.54172e-10,16.2529,4.35363
2.69017e-10,15.802,4.242
2.84728e-10,15.364,4.13368
3.01357e-10,14.9383,4.02844
3.18958e-10,14.5245,3.9262
3.37586e-10,14.1225,3.82701
3.57302e-10,13.7319,3.73064
3.7817e-10,13.3523,3.63711
4.00257e-10,12.9835,3.54628
4.23633e-10,12.625,3.45805
4.48375e-10,12.2769,3.37245
4.74562e-10,11.9386,3.28929
5.02278e-10,11.6098,3.20852
5.31613e-10,11.2906,3.13017
5.62661e-10,10.9802,3.05395
5.95522e-10,10.6789,2.98005
6.30303e-10,10.386,2.9082
6.67115e-10,10.1015,2.83847
7.06077e-10,9.82517,2.77072
7.47315e-10,9.55665,2.7049
7.90961e-10,9.29601,2.64101
8.37156e-10,9.04273,2.57893
8.86049e-10,8.79669,2.51863
9.37797e-10,8.55794,2.46008
9.92568e-10,8.32567,2.40313
1.05054e-09,8.10047,2.34786
1.11189e-09,7.88149,2.29412
1.17683e-09,7.66907,2.24194
1.24556e-09,7.46256,2.1912
1.31831e-09,7.26232,2.14193
1.3953e-09,7.06771,2.09404
1.47679e-09,6.87885,2.0475
1.56304e-09,6.69558,2.00228
1.65433e-09,6.51758,1.95833
1.75095e-09,6.3447,1.91561
1.85321e-09,6.17737,1.87412
1.96145e-09,6.01447,1.83377
2.076e-09,5.85658,1.79456
2.19725e-09,5.70327,1.75645
2.32558e-09,5.55461,1.71944
2.4614e-09,5.4104,1.68345
2.60515e-09,5.27045,1.64849
2.75731e-09,5.13463,1.6145
2.91834e-09,5.00334,1.5815
3.08878e-09,4.87544,1.54939
3.26918e-09,4.75183,1.51821
3.46011e-09,4.63164,1.4879
3.6622e-09,4.51549,1.45846
3.87608e-09,4.40253,1.42984
4.10246e-09,4.29339,1.40205
4.34206e-09,4.18741,1.37505
4.59565e-09,4.08477,1.34881
4.86406e-09,3.98545,1.32333
5.14813e-09,3.88934,1.29858
5.4488e-09,3.7962,1.27452
5.76704e-09,3.70589,1.25113
6.10385e-09,3.61848,1.22839
6.46034e-09,3.53397,1.20627
6.83765e-09,3.45203,1.18475
7.23699e-09,3.37305,1.16379
7.65966e-09,3.29645,1.14341
8.10701e-09,3.22237,1.12359
8.58049e-09,3.15095,1.10432
9.08162e-09,3.08217,1.08559
9.61202e-09,3.01543,1.06739
1.01734e-08,2.95073,1.04969
1.07676e-08,2.88871,1.03248
1.13964e-08,2.8284,1.01574
1.2062e-08,2.77058,0.999436
1.27665e-08,2.71456,0.983582
1.35121e-08,2.66067,0.968153
1.43013e-08,2.60881,0.953136
1.51365e-08,2.5586,0.938533
1.60205e-08,2.51049,0.924317
1.69562e-08,2.46418,0.910478
1.79465e-08,2.41977,0.896988
1.89946e-08,2.37709,0.883839
2.0104e-08,2.33539,0.871064
2.12782e-08,2.29626,0.858535
2.25209e-08,2.25782,0.84638
2.38362e-08,2.22166,0.834495
2.52283e-08,2.18628,0.822939
2.67017e-08,2.15319,0.811669
2.82612e-08,2.12071,0.800717
2.99118e-08,2.09025,0.79005
3.16587e-08,2.06054,0.779695
3.35077e-08,2.03257,0.769631
3.54647e-08,2.0056,0.75982
3.7536e-08,1.97971,0.750268
3.97282e-08,1.95534,0.740974
4.20485e-08,1.93195,0.731941
4.45043e-08,1.9097,0.72316
4.71035e-08,1.88874,0.714623
4.98545e-08,1.86802,0.706331
5.27662e-08,1.84911,0.698267
5.58479e-08,1.8305,0.690415
5.91097e-08,1.81329,0.682816
6.25619e-08,1.79645,0.675438
6.62157e-08,1.78094,0.668317
7.0083e-08,1.76593,0.661444
7.41761e-08,1.75173,0.654759
7.85083e-08,1.73837,0.648299
8.30934e-08,1.7256,0.642068
8.79464e-08,1.71349,0.636062
9.30828e-08,1.70237,0.630156
9.85192e-08,1.69132,0.624486
1.04273e-07,1.68117,0.619047
1.10363e-07,1.67137,0.613834
1.16809e-07,1.66222,0.608833
1.23631e-07,1.65342,0.604002
1.30851e-07,1.64527,0.599439
1.38493e-07,1.63738,0.595067
1.46582e-07,1.63006,0.591086
1.55143e-07,1.62309,0.587431
1.64204e-07,1.61645,0.583976
1.73794e-07,1.61021,0.580801
1.83944e-07,1.60447,0.578124
1.94687e-07,1.59883,0.575962
2.06058e-07,1.5935,0.574337
2.18092e-07,1.58844,0.573742
2.30829e-07,1.58376,0.573961
2.44311e-07,1.57928,0.575089
2.58579e-07,1.57502,0.576548
2.73681e-07,1.57101,0.577468
2.89665e-07,1.56733,0.576075
3.06583e-07,1.56369,0.571054
3.24489e-07,1.56031,0.563105
3.4344e-07,1.55707,0.553962
3.63498e-07,1.55405,0.545052
3.84728e-07,1.55113,0.53728
4.07197e-07,1.54844,0.530782
4.30979e-07,1.54586,0.525344
4.5615e-07,1.5435,0.520768
4.82791e-07,1.54116,0.516898
5.10988e-07,1.53896,0.513409
5.40831e-07,1.537,0.510316
5.72418e-07,1.53504,0.507581
6.05849e-07,1.5331,0.505104
6.41233e-07,1.5313,0.502828
6.78683e-07,1.52969,0.500751
7.18321e-07,1.52809,0.498952
7.60273e-07,1.52654,0.497345
8.04676e-07,1.52517,0.49604
8.51672e-07,1.52381,0.49523
9.01413e-07,1.52253,0.494889
9.54059e-07,1.52134,0.495953
1.00978e-06,1.52018,0.499546
1.06875e-06,1.51917,0.508918
1.13117e-06,1.51816,0.518396
1.19724e-06,1.51715,0.497904
1.26716e-06,1.51619,0.481316
1.34117e-06,1.51536,0.475651
1.4195e-06,1.51453,0.473058
1.5024e-06,1.5137,0.471324
1.59015e-06,1.51299,0.469858
1.68302e-06,1.51228,0.468534
1.78131e-06,1.5116,0.467344
1.88535e-06,1.51098,0.466626
1.99546e-06,1.51036,0.476781
2.112e-06,1.50984,0.466817
2.23535e-06,1.50934,0.461849
2.3659e-06,1.50883,0.460094
2.50408e-06,1.50833,0.458536
2.65033e-06,1.50782,0.456826
2.80512e-06,1.50736,0.458136
2.96895e-06,1.50697,0.459817
3.14235e-06,1.50658,0.474183
3.32587e-06,1.50619,0.45596
3.52011e-06,1.50581,0.467269
3.7257e-06,1.50549,0.454964
3.9433e-06,1.50517,0.445828
4.1736e-06,1.50485,0.444978
4.41735e-06,1.50456,0.481579
4.67534e-06,1.50429,0.44721
4.9484e-06,1.50402,0.457655
5.2374e-06,1.50378,0.460394
5.54329e-06,1.50355,0.490282
5.86704e-06,1.50332,0.575697
6.20969e-06,1.50309,1.03466
6.57236e-06,1.50289,35.8608
6.95621e-06,1.5027,3.21091
7.36248e-06,1.50251,0.999405
7.79248e-06,1.50233,0.697202
8.24759e-06,1.50216,0.5964
8.72928e-06,1.502,0.810515
9.2391e-06,1.50185,0.563225
9.7787e-06,1.5017,0.50274
1.03498e-05,1.50157,0.503739
1.09543e-05,1.50144,0.467248
1.15941e-05,1.50131,0.556884
1.22712e-05,1.50118,0.531492
1.29879e-05,1.50107,0.439207
1.37464e-05,1.50096,0.443393
1.45493e-05,1.50086,0.438688
1.5399e-05,1.50075,0.436063
1.62983e-05,1.50066,0.380907
1.72502e-05,1.50057,0.357203
1.82577e-05,1.50048,0.343235
1.9324e-05,1.5004,0.713307
2.04526e-05,1.50032,2.38085
2.16471e-05,1.50025,1.97136
2.29114e-05,1.50017,0.84643
2.42495e-05,1.5001,0.651231
2.56658e-05,1.50003,0.549123
2.71647e-05,1.49997,0.476927
2.87513e-05,1.4999,0.424467
3.04305e-05,1.49985,0.375575
3.22077e-05,1.49979,0.365617
3.40888e-05,1.49973,0.241644
3.60797e-05,1.49968,3.0492
3.81869e-05,1.49963,2.224
4.04171e-05,1.49958,1.01961
4.27776e-05,1.49953,0.788946
4.5276e-05,1.49949,0.706802
4.79203e-05,1.49945,0.654239
5.0719e-05,1.49941,0.58651
5.36812e-05,1.49937,0.539543
5.68164e-05,1.49933,0.514958
6.01346e-05,1.49929,0.459126
6.36467e-05,1.49925,0.382476
6.73639e-05,1.49922,1.43173
7.12982e-05,1.49919,0.672587
7.54623e-05,1.49915,0.590516
7.98696e-05,1.49912,0.495821
8.45343e-05,1.49909,0.520615
8.94714e-05,1.49906,0.574704
9.46969e-05,1.49902,0.353939
0.000100228,1.49897,0.144233
0.000106081,1.49876,1.17444
0.000112277,1.49855,0.607543
0.000118834,1.49834,1.10615
0.000125774,1.49813,0.707773
0.00013312,1.49792,0.632152
0.000140895,1.4977,0.554963
0.000149124,1.49749,0.549426
0.000157833,1.49728,0.480459
0.000167051,1.49706,0.476503
0.000176807,1.49685,0.344441
0.000187134,1.49664,0.142049
0.000198063,1.49643,0.93073
0.000209631,1.49621,2.2766
0.000221874,1.496,0.721573
0.000234832,1.49579,0.485591
0.000248547,1.49558,0.66347
0.000263063,1.49537,0.57974
0.000278427,1.49517,0.676325
0.000294688,1.49496,0.732802
0.000311899,1.49475,0.709489
0.000330115,1.49454,0.520759
0.000349395,1.49433,1.65229
0.000369801,1.49413,0.606905
0.000391399,1.49392,0.548234
0.000414258,1.49371,0.627044
0.000438452,1.4935,0.581239
0.00046406,1.4933,0.720705
0.000491162,1.49309,0.514518
0.000519848,1.49289,1.01828
0.000550209,1.49268,0.542796
0.000582344,1.49247,0.669281
0.000616355,1.49227,0.492903
0.000652352,1.49206,0.406893
0.000690452,1.49186,0.426127
0.000730777,1.49165,0.605372
0.000773457,1.49144,0.500801
0.00081863,1.49124,0.291684
0.000866441,1.49103,1.67682
0.000917044,1.49081,0.431294
0.000970603,1.49058,0.563404
0.00102729,1.48988,0.619204
0.00108729,1.48865,0.514621
0.00115079,1.48742,0.647209
0.001218,1.4862,0.54805
0.00128913,1.48496,0.615154
0.00136443,1.48373,0.468458
0.00144411,1.48249,2.12028
0.00152845,1.48125,0.877694
0.00161772,1.48001,0.460433
0.0017122,1.47878,1.00016
0.0018122,1.47754,0.698834
0.00191804,1.47631,1.98195
0.00203006,1.47508,2.75114
0.00214862,1.47384,0.271645
0.00227411,1.47261,0.662563
0.00240693,1.47138,0.474061
0.0025475,1.47015,13.8041
0.00269629,1.46892,1.75206
0.00285376,1.46769,0.397023
0.00302043,1.46646,0.516318
0.00319683,1.46523,0.577505
0.00338354,1.464,0.561278
0.00358115,1.46277,0.914775
0.00379031,1.46154,0.942453
0.00401167,1.46032,0.625386
0.00424597,1.45909,0.563605
0.00449395,1.45786,0.444459
0.00475641,1.45661,0.594349
0.00503421,1.45511,0.506423
0.00532822,1.45174,0.558707
0.00563941,1.44838,3.95595
0.00596877,1.44502,0.680469
0.00631737,1.44166,0.501605
0.00668633,1.4383,0.475371
0.00707684,1.43495,0.838838
0.00749015,1.43161,0.508906
0.0079276,1.42828,0.6047
0.00839061,1.42495,0.551275
0.00888065,1.42162,0.537574
0.00939931,1.41829,0.468071
0.00994827,1.41495,0.506
0.0105293,1.40904,0.742613
0.0111442,1.40288,0.73764
0.0117951,1.39676,0.732248
0.012484,1.39067,0.727193
0.0132131,1.38458,0.722643
0.0139848,1.37852,0.717629
0.0148015,1.37249,0.713252
0.015666,1.36648,0.708615
0.016581,1.3605,0.704267
0.0175493,1.35454,0.699948
0.0185743,1.34859,0.695752
0.0196591,1.34266,0.691576
0.0208073,1.33442,0.687555
0.0220225,1.32521,0.683686
0.0233087,1.31607,0.679728
0.02467,1.30698,0.675965
0.0261108,1.29796,0.672064
0.0276358,1.289,0.668529
0.0292498,1.28008,0.664747
0.0309581,1.26972,0.661156
0.0327662,1.25824,0.657594
0.0346799,1.24687,0.653854
0.0367053,1.23558,0.650312
0.038849,1.22438,0.646723
0.041118,1.21223,0.643151
0.0435194,1.19909,0.639596
0.0460611,1.18607,0.636054
0.0487512,1.17319,0.632516
0.0515985,1.15943,0.628886
0.054612,1.14501,0.625231
0.0578016,1.13078,0.62143
0.0611774,1.1162,0.617765
0.0647504,1.10079,0.614108
0.0685321,1.08558,0.61026
0.0725346,1.0698,0.606124
0.0767709,1.05378,0.602116
0.0812546,1.03767,0.598185
0.0860001,1.02103,0.593936
0.0910229,1.00446,0.589783
0.0963389,0.987406,0.585339
0.101966,0.970253,0.580946
0.107921,0.952649,0.576419
0.114224,0.93539,0.57189
0.120895,0.918308,0.566936
0.127955,0.900465,0.562043
0.135429,0.882945,0.55687
0.143338,0.865393,0.551523
0.15171,0.847672,0.546084
0.16057,0.830312,0.540478
0.169948,0.812671,0.534815
0.179873,0.795404,0.528813
0.190379,0.777971,0.522561
0.201497,0.760902,0.516383
0.213266,0.743922,0.50969
0.225721,0.727253,0.503197
0.238904,0.710873,0.496325
0.252857,0.694843,0.489378
0.267625,0.679315,0.482172
0.283255,0.664396,0.474736
0.299798,0.650315,0.467547
0.317308,0.637767,0.462324
0.33584,0.627791,0.456154
0.355454,0.623101,0.449758
0.376214,0.631634,0.443009
0.398186,0.682161,0.435771
0.421442,0.881164,0.428772
0.446055,0.896616,0.421394
0.472107,0.647297,0.414375
0.499679,0.560948,0.407078
0.528863,0.52252,0.400246
0.55975,0.498275,0.393351
0.592442,0.479685,0.386644
0.627042,0.463834,0.380217
0.663664,0.449557,0.373939
0.702424,0.436466,0.367832
0.743449,0.424502,0.361678
0.786869,0.414028,0.357141
0.832825,0.406351,0.35253
0.881465,0.406088,0.348319
0.932946,0.434867,0.344712
0.987433,0.547933,0.340622
1.0451,0.46478,0.338248
1.10614,0.3873,0.335655
1.17074,0.357016,0.335341
1.23912,0.345636,0.335057
1.31149,0.469494,0.334998
1.38808,0.322526,0.335795
1.46915,0.301802,0.337229
1.55496,0.289002,0.33775
1.64577,0.311355,0.334632
1.74189,0.267205,0.327487
1.84363,0.282336,0.318419
1.9513,0.258206,0.309633
2.06526,0.241188,0.302175
2.18588,0.22816,0.296634
2.31355,0.192938,0.292427
2.44867,0.203005,0.290204
2.59168,0.203978,0.289693
2.74304,0.198313,0.290625
2.90324,0.192656,0.292371
3.07281,0.197583,0.294333
3.25227,0.242671,0.29666
3.44221,0.296333,0.298853
3.64325,0.237728,0.300398
3.85603,0.210924,0.300853
4.08124,0.166185,0.299879
4.3196,0.220209,0.297222
4.57188,0.16038,0.293191
4.83889,0.179078,0.287665
5.1215,0.224467,0.280179
5.42062,0.135537,0.271635
5.7372,0.145056,0.266489
6.07227,0.138989,0.263667
6.42692,0.127185,0.265514
6.80227,0.133884,0.267414
7.19955,0.143559,0.26682
7.62003,0.117552,0.262495
8.06507,0.105457,0.255887
8.5361,0.109094,0.24826
9.03464,0.112906,0.240191
9.5623,0.105887,0.231657
10.1208,0.108986,0.223793
10.7119,0.100313,0.217361
11.3375,0.110497,0.211965
11.9996,0.10838,0.207773
12.7004,0.102418,0.205974
13.4422,0.1013,0.209301
14.2273,0.0993865,0.214496
15.0582,0.101657,0.218251
15.9377,0.0939007,0.224415
16.8685,0.0913945,0.226785
17.8537,0.0905165,0.228541
18.8964,0.0903389,0.232507
20,0.0870809,0.242598
