energy_MeV,U235_fission,U235_capture,U238_fission,U238_capture
1e-11,30364.2,5974.02,0.000591236,136.202
1.0584e-11,29514.6,5806.86,0.000574692,132.391
1.12022e-11,28688.7,5644.37,0.000558611,128.686
1.18564e-11,27886,5486.44,0.00054298,125.086
1.25489e-11,27105.7,5332.92,0.000527786,121.585
1.32818e-11,26347.2,5183.69,0.000513018,118.183
1.40575e-11,25610,5038.65,0.000498663,114.876
1.48785e-11,24893.4,4897.66,0.000484709,111.662
1.57475e-11,24196.8,4760.61,0.000471146,108.537
1.66672e-11,23519.8,4627.41,0.000457963,105.5
1.76406e-11,22861.6,4497.92,0.000445148,102.548
1.86709e-11,22221.9,4372.07,0.000432692,99.6787
1.97613e-11,21600.1,4249.73,0.000420584,96.8895
2.09155e-11,20995.7,4130.82,0.000408816,94.1784
2.2137e-11,20408.3,4015.23,0.000397376,91.5431
2.34299e-11,19837.2,3902.88,0.000386257,88.9816
2.47983e-11,19282.1,3793.67,0.000375449,86.4917
2.62466e-11,18742.6,3687.52,0.000364943,84.0715
2.77795e-11,18218.2,3584.34,0.000354731,81.7191
2.94019e-11,17708.4,3484.05,0.000344805,79.4324
3.11191e-11,17212.9,3386.56,0.000335157,77.2098
3.29366e-11,16731.3,3291.8,0.000325779,75.0493
3.48602e-11,16263.1,3199.7,0.000316663,72.9493
3.68962e-11,15808.1,3110.16,0.000307802,70.9081
3.9051e-11,15365.7,3023.14,0.000299189,68.924
4.13318e-11,14935.8,2938.55,0.000290818,66.9954
4.37457e-11,14517.9,2856.33,0.00028268,65.1208
4.63006e-11,14111.7,2776.41,0.00027477,63.2986
4.90047e-11,13716.8,2698.72,0.000267082,61.5274
5.18668e-11,13333,2623.21,0.000259608,59.8058
5.4896e-11,12959.9,2549.81,0.000252344,58.1323
5.81022e-11,12597.3,2478.46,0.000245283,56.5057
6.14955e-11,12244.8,2409.12,0.00023842,54.9246
6.50871e-11,11902.2,2341.71,0.000231748,53.3877
6.88884e-11,11569.2,2276.19,0.000225264,51.8939
7.29118e-11,11245.5,2212.5,0.00021896,50.4418
7.71701e-11,10930.8,2150.59,0.000212833,49.0304
8.16771e-11,10625,2090.42,0.000206878,47.6585
8.64474e-11,10327.7,2031.93,0.000201089,46.3249
9.14962e-11,10038.7,1975.07,0.000195463,45.0287
9.68399e-11,9757.85,1919.81,0.000189993,43.7688
1.02496e-10,9484.83,1866.09,0.000184677,42.5441
1.08482e-10,9219.44,1813.88,0.00017951,41.3536
1.14818e-10,8961.49,1763.13,0.000174487,40.1965
1.21523e-10,8710.74,1713.8,0.000169604,39.0718
1.28621e-10,8467.02,1665.84,0.000164858,37.9785
1.36133e-10,8230.11,1619.23,0.000160245,36.9159
1.44083e-10,7999.84,1573.93,0.000155762,35.8829
1.52498e-10,7776,1529.89,0.000151403,34.8789
1.61405e-10,7558.43,1487.08,0.000147167,33.903
1.70832e-10,7346.95,1445.47,0.000143049,32.9544
1.80809e-10,7141.38,1405.02,0.000139046,32.0323
1.91369e-10,6941.57,1365.71,0.000135156,31.136
2.02545e-10,6747.35,1327.5,0.000131374,30.2648
2.14375e-10,6558.56,1290.35,0.000127698,29.418
2.26895e-10,6375.05,1254.24,0.000124125,28.5949
2.40147e-10,6196.68,1219.15,0.000120652,27.7948
2.54172e-10,6023.3,1185.03,0.000117276,27.0171
2.69017e-10,5854.77,1151.87,0.000113994,26.2612
2.84728e-10,5690.96,1119.64,0.000110805,25.5264
3.01357e-10,5531.73,1088.3,0.000107704,24.8122
3.18958e-10,5376.96,1057.85,0.000104691,24.118
3.37586e-10,5226.52,1028.24,0.000101762,23.4432
3.57302e-10,5080.29,999.461,9.89144e-05,22.7873
3.7817e-10,4938.16,971.484,9.61468e-05,22.1498
4.00257e-10,4800,944.291,9.34567e-05,21.5301
4.23633e-10,4665.7,917.854,9.08419e-05,20.9277
4.48375e-10,4535.17,892.156,8.83003e-05,20.3422
4.74562e-10,4408.29,867.171,8.58298e-05,19.7731
5.02278e-10,4284.96,842.884,8.34284e-05,19.2199
5.31613e-10,4165.09,819.268,8.10943e-05,18.6823
5.62661e-10,4048.57,796.313,7.88254e-05,18.1596
5.95522e-10,3935.31,773.986,7.66201e-05,17.6516
6.30303e-10,3825.22,752.282,7.44764e-05,17.1578
6.67115e-10,3718.21,731.171,7.23928e-05,16.6778
7.06077e-10,3614.19,710.642,7.03674e-05,16.2112
7.47315e-10,3513.08,690.677,6.83987e-05,15.7577
7.90961e-10,3414.8,671.249,6.64851e-05,15.3169
8.37156e-10,3319.26,652.35,6.4625e-05,14.8884
8.86049e-10,3226.4,633.958,6.28169e-05,14.4719
9.37797e-10,3136.12,616.046,6.10594e-05,14.0671
9.92568e-10,3048.37,598.64,5.93511e-05,13.6736
1.05054e-09,2963.07,581.66,5.76905e-05,13.2911
1.11189e-09,2880.15,565.152,5.60764e-05,12.9192
1.17683e-09,2799.54,549.045,5.45075e-05,12.5578
1.24556e-09,2721.18,533.381,5.29824e-05,12.2065
1.31831e-09,2645.01,518.081,5.15e-05,11.8651
1.3953e-09,2570.97,503.191,5.00591e-05,11.5332
1.47679e-09,2499,488.662,4.86585e-05,11.2105
1.56304e-09,2429.04,474.488,4.72972e-05,10.897
1.65433e-09,2361.03,460.673,4.5974e-05,10.5922
1.75095e-09,2294.93,447.201,4.46878e-05,10.2959
1.85321e-09,2230.69,434.003,4.34378e-05,10.008
1.96145e-09,2168.25,421.195,4.22227e-05,9.72812
2.076e-09,2107.56,408.664,4.10417e-05,9.45609
2.19725e-09,2048.57,396.455,3.98938e-05,9.1917
2.32558e-09,1991.23,384.579,3.87782e-05,8.93472
2.4614e-09,1935.51,372.961,3.76937e-05,8.68494
2.60515e-09,1881.34,361.683,3.66396e-05,8.44216
2.75731e-09,1828.7,350.662,3.5615e-05,8.20617
2.91834e-09,1777.52,339.963,3.4619e-05,7.97676
3.08878e-09,1727.76,329.539,3.36508e-05,7.75377
3.26918e-09,1679.39,319.411,3.27096e-05,7.53699
3.46011e-09,1632.37,309.573,3.17947e-05,7.32627
3.6622e-09,1586.64,300.01,3.09053e-05,7.12143
3.87608e-09,1542.18,290.732,3.00408e-05,6.92233
4.10246e-09,1498.96,281.731,2.92006e-05,6.72883
4.34206e-09,1456.95,272.999,2.83839e-05,6.54075
4.59565e-09,1416.1,264.532,2.75903e-05,6.35797
4.86406e-09,1376.4,256.325,2.68189e-05,6.18034
5.14813e-09,1337.79,248.366,2.60691e-05,6.00767
5.4488e-09,1300.24,240.65,2.53403e-05,5.83983
5.76704e-09,1263.71,233.165,2.46318e-05,5.67668
6.10385e-09,1228.15,225.901,2.3943e-05,5.51806
6.46034e-09,1193.49,218.844,2.32735e-05,5.36391
6.83765e-09,1159.75,211.995,2.26228e-05,5.21407
7.23699e-09,1126.81,205.328,2.19907e-05,5.06854
7.65966e-09,1094.74,198.857,2.13766e-05,4.92714
8.10701e-09,1063.5,192.572,2.07801e-05,4.7898
8.58049e-09,1033.08,186.469,2.02006e-05,4.65638
9.08162e-09,1003.48,180.551,1.96371e-05,4.52665
9.61202e-09,974.719,174.816,1.90892e-05,4.40052
1.01734e-08,946.744,169.258,1.85563e-05,4.27783
1.07676e-08,919.496,163.862,1.80375e-05,4.15841
1.13964e-08,892.995,158.632,1.75331e-05,4.0423
1.2062e-08,867.131,153.547,1.70424e-05,3.92936
1.27665e-08,841.957,148.613,1.65656e-05,3.8196
1.35121e-08,817.417,143.819,1.61022e-05,3.71296
1.43013e-08,793.485,139.157,1.56523e-05,3.60941
1.51365e-08,770.183,134.633,1.52153e-05,3.50886
1.60205e-08,747.434,130.229,1.47915e-05,3.41133
1.69562e-08,725.239,125.948,1.43803e-05,3.3167
1.79465e-08,703.551,121.78,1.39805e-05,3.22474
1.89946e-08,682.371,117.726,1.35917e-05,3.13529
2.0104e-08,661.796,113.8,1.32136e-05,3.0483
2.12782e-08,641.532,109.953,1.28449e-05,2.96348
2.25209e-08,621.888,106.235,1.24864e-05,2.88102
2.38362e-08,602.599,102.599,1.2138e-05,2.80089
2.52283e-08,583.837,99.075,1.17993e-05,2.723
2.67017e-08,565.485,95.6412,1.14702e-05,2.64734
2.82612e-08,547.645,92.3151,1.11503e-05,2.57379
2.99118e-08,530.242,89.0838,1.08393e-05,2.50229
3.16587e-08,513.351,85.9591,1.05369e-05,2.43277
3.35077e-08,496.916,82.9311,1.02431e-05,2.36526
3.54647e-08,480.86,79.9829,9.95764e-06,2.29966
3.7536e-08,465.208,77.1183,9.68032e-06,2.23594
3.97282e-08,449.937,74.333,9.41152e-06,2.17419
4.20485e-08,435.066,71.6312,9.15114e-06,2.11439
4.45043e-08,420.586,69.0103,8.89851e-06,2.05638
4.71035e-08,406.515,66.4731,8.6524e-06,1.99988
4.98545e-08,392.852,64.0188,8.4131e-06,1.94494
5.27662e-08,379.582,61.6464,8.17925e-06,1.89128
5.58479e-08,366.624,59.3687,7.95184e-06,1.83909
5.91097e-08,354.087,57.1866,7.731e-06,1.78843
6.25619e-08,341.833,55.1637,7.51633e-06,1.73919
6.62157e-08,329.989,53.2676,7.30796e-06,1.69143
7.0083e-08,318.537,51.5064,7.10547e-06,1.64501
7.41761e-08,307.337,49.8487,6.90879e-06,1.59995
7.85083e-08,296.509,48.2834,6.71791e-06,1.55623
8.30934e-08,286.05,46.8173,6.53312e-06,1.51392
8.79464e-08,275.932,45.4634,6.35445e-06,1.47302
9.30828e-08,265.905,44.1695,6.18019e-06,1.43317
9.85192e-08,256.308,42.9754,6.01071e-06,1.3944
1.04273e-07,247.157,41.8737,5.84534e-06,1.35661
1.10363e-07,238.438,40.8537,5.68433e-06,1.31982
1.16809e-07,230.104,39.9152,5.52807e-06,1.28414
1.23631e-07,222.081,39.0175,5.37624e-06,1.24949
1.30851e-07,214.599,38.2078,5.22892e-06,1.21589
1.38493e-07,207.513,37.4188,5.08577e-06,1.18325
1.46582e-07,201.503,36.4524,4.94686e-06,1.15162
1.55143e-07,196.398,35.3122,4.81197e-06,1.12093
1.64204e-07,191.381,34.6642,4.68117e-06,1.09118
1.73794e-07,186.745,34.3664,4.55506e-06,1.06253
1.83944e-07,183.152,34.373,4.43206e-06,1.03464
1.94687e-07,180.646,34.676,4.31234e-06,1.00748
2.06058e-07,179.287,35.2887,4.19572e-06,0.981059
2.18092e-07,180.223,36.4784,4.08212e-06,0.955346
2.30829e-07,182.955,38.0776,3.97321e-06,0.930751
2.44311e-07,187.889,39.9937,3.86739e-06,0.906897
2.58579e-07,193.556,42.0434,3.7645e-06,0.883737
2.73681e-07,198.388,43.2797,3.66434e-06,0.861169
2.89665e-07,198.369,42.6326,3.56709e-06,0.83937
3.06583e-07,190.348,39.4746,3.47244e-06,0.81814
3.24489e-07,175.593,34.5696,3.38081e-06,0.797663
3.4344e-07,157.841,29.1729,3.29185e-06,0.777806
3.63498e-07,140.232,24.2562,3.20572e-06,0.758651
3.84728e-07,124.897,20.2888,3.12208e-06,0.74007
4.07197e-07,112.236,17.2454,3.04163e-06,0.722297
4.30979e-07,101.852,14.92,2.96357e-06,0.705094
4.5615e-07,93.3571,13.1453,2.88806e-06,0.68858
4.82791e-07,86.4148,11.7936,2.81447e-06,0.672453
5.10988e-07,80.3105,10.6603,2.74337e-06,0.656985
5.40831e-07,75.0961,9.74456,2.67502e-06,0.642316
5.72418e-07,70.683,9.01265,2.60837e-06,0.627975
6.05849e-07,66.8412,8.40532,2.54339e-06,0.613954
6.41233e-07,63.4608,7.89245,2.48099e-06,0.600677
6.78683e-07,60.5437,7.47235,2.42127e-06,0.588199
7.18321e-07,58.2649,7.17857,2.36299e-06,0.57598
7.60273e-07,56.4332,6.97188,2.30655e-06,0.564228
8.04676e-07,55.333,6.91446,2.25279e-06,0.553377
8.51672e-07,55.3799,7.10889,2.20029e-06,0.542735
9.01413e-07,56.5158,7.56677,2.15006e-06,0.532793
9.54059e-07,60.8612,8.86829,2.10191e-06,0.523476
1.00978e-06,70.7553,11.8858,2.05536e-06,0.514577
1.06875e-06,92.5321,19.6466,2.01236e-06,0.507039
1.13117e-06,110.154,31.5899,1.97025e-06,0.499613
1.19724e-06,62.3348,22.786,1.92902e-06,0.492295
1.26716e-06,29.1717,10.9397,1.88966e-06,0.48559
1.34117e-06,20.1859,6.44592,1.85419e-06,0.480559
1.4195e-06,17.3012,4.63992,1.81939e-06,0.47558
1.5024e-06,15.9385,3.75607,1.78536e-06,0.470718
1.59015e-06,15.0687,3.31237,1.75608e-06,0.468135
1.68302e-06,14.3607,3.10739,1.72727e-06,0.465566
1.78131e-06,13.7873,3.21417,1.70043e-06,0.463844
1.88535e-06,13.5788,4.46746,1.67726e-06,0.463958
1.99546e-06,20.1374,30.3054,1.6544e-06,0.464071
2.112e-06,13.5912,11.2398,1.64068e-06,0.469426
2.23535e-06,11.0367,3.07078,1.62745e-06,0.475065
2.3659e-06,10.2234,2.29562,1.61432e-06,0.480771
2.50408e-06,9.30023,2.16626,1.6013e-06,0.486546
2.65033e-06,7.64748,2.54737,1.59403e-06,0.496065
2.80512e-06,14.0579,3.90423,1.59643e-06,0.512239
2.96895e-06,22.2371,4.40465,1.59884e-06,0.52894
3.14235e-06,53.0945,18.8651,1.61126e-06,0.553309
3.32587e-06,17.7044,5.92467,1.62981e-06,0.583295
3.52011e-06,42.4266,18.0935,1.65363e-06,0.618848
3.7257e-06,13.0965,14.7838,1.69552e-06,0.671182
3.9433e-06,2.64211,2.78501,1.75317e-06,0.741092
4.1736e-06,2.86647,1.92187,1.82995e-06,0.839387
4.41735e-06,3.26427,2.17231,1.9422e-06,1.73675
4.67534e-06,4.3307,6.67982,2.11193e-06,1.16179
4.9484e-06,5.80204,24.7731,2.36539e-06,1.4636
5.2374e-06,8.09632,3.1828,2.77853e-06,1.99389
5.54329e-06,16.3984,3.55078,3.55422e-06,3.06592
5.86704e-06,15.9146,4.59577,5.28724e-06,5.71789
6.20969e-06,52.2137,29.9282,1.16649e-05,16.8304
6.57236e-06,8.79959,20.2048,0.000333549,723.352
6.95621e-06,19.1121,19.6762,1.39379e-05,44.3154
7.36248e-06,4.65313,4.88869,1.31886e-06,7.00606
7.79248e-06,2.31157,3.10046,3.65516e-07,2.68133
8.24759e-06,10.9891,6.42137,2.46102e-07,1.37792
8.72928e-06,582.158,194.652,2.68856e-07,0.847666
9.2391e-06,107.069,42.8894,3.2489e-07,0.591148
9.7787e-06,27.9145,6.76276,3.87815e-07,0.456711
1.03498e-05,17.9623,4.23381,4.51914e-07,0.811499
1.09543e-05,12.2675,2.96398,5.17142e-07,0.324829
1.15941e-05,53.9138,252.864,5.86526e-07,0.29936
1.22712e-05,147.734,118.373,6.63707e-07,0.277289
1.29879e-05,18.084,8.78167,7.54771e-07,0.278671
1.37464e-05,64.1668,8.44703,8.68984e-07,0.294703
1.45493e-05,38.6738,54.7975,1.02193e-06,0.328592
1.5399e-05,74.3103,53.1948,1.24406e-06,0.389572
1.62983e-05,4.84132,11.1475,1.59701e-06,0.499388
1.72502e-05,6.78634,2.01237,2.23824e-06,0.716851
1.82577e-05,32.4411,8.17332,3.73999e-06,1.2608
1.9324e-05,668.359,405.037,9.17428e-06,3.37478
2.04526e-05,16.0018,9.69846,0.000114859,46.5786
2.16471e-05,3.49635,3.82453,2.71434e-05,12.4805
2.29114e-05,85.216,67.0519,3.46156e-06,1.82987
2.42495e-05,70.1097,56.4759,1.23577e-06,0.833424
2.56658e-05,77.0422,5.15621,7.02205e-07,0.453493
2.71647e-05,20.2063,8.3417,5.44077e-07,0.380605
2.87513e-05,9.03808,3.68431,5.33594e-07,0.375929
3.04305e-05,13.1641,5.79255,6.25534e-07,0.486066
3.22077e-05,94.221,71.9227,8.79646e-07,0.81708
3.40888e-05,22.3936,20.9104,1.78718e-06,2.23532
3.60797e-05,21.5027,2.92666,2.10499e-05,41.7887
3.81869e-05,25.8228,3.3965,1.5843e-06,6.17501
4.04171e-05,31.3853,6.68111,1.12945e-07,0.996053
4.27776e-05,12.3283,30.2608,5.96328e-08,0.388173
4.5276e-05,20.4917,2.48142,9.28418e-08,0.74542
4.79203e-05,68.5791,50.2443,1.4112e-07,0.137623
5.0719e-05,39.3731,9.85612,2.00139e-07,0.10718
5.36812e-05,17.6202,3.79082,2.81328e-07,0.100166
5.68164e-05,38.415,17.8803,4.20074e-07,0.118864
6.01346e-05,58.7389,7.99363,7.73315e-07,0.212608
6.36467e-05,28.1407,1.84958,3.15045e-06,2.38803
6.73639e-05,2.39151,1.43729,6.24386e-06,3.35596
7.12982e-05,13.0448,2.79691,3.03851e-07,0.234508
7.54623e-05,59.4532,10.8544,2.16803e-07,0.105697
7.98696e-05,15.3812,6.86256,1.99648e-06,0.555711
8.45343e-05,57.2398,11.3976,3.02964e-08,0.0931872
8.94714e-05,14.2475,4.12501,1.0642e-07,2.8789
9.46969e-05,16.6663,9.50626,2.38349e-07,0.205869
0.000100228,15.6012,9.78116,1.50507e-06,2.05409
0.000106081,27.8128,8.50604,3.39226e-07,0.899994
0.000112277,1.85545,1.12061,8.15723e-08,0.278971
0.000118834,38.2923,23.241,8.98213e-08,0.969662
0.000125774,70.359,36.8759,1.09154e-07,0.0737805
0.00013312,30.0326,8.77827,1.30232e-07,0.470034
0.000140895,5.34415,1.07421,1.53702e-07,0.0270165
0.000149124,57.4567,11.2152,1.82503e-07,0.0298638
0.000157833,3.84896,2.71534,2.23256e-07,0.0318405
0.000167051,9.0267,1.2012,2.95287e-07,0.139875
0.000176807,32.4757,4.00113,4.95512e-07,0.0963211
0.000187134,8.18585,0.784324,4.59847e-06,2.15311
0.000198063,32.7903,2.80393,4.35656e-07,0.229276
0.000209631,8.96859,93.2813,1.04884e-05,3.52684
0.000221874,41.5483,4.30642,4.0193e-08,0.044471
0.000234832,1.68377,1.16153,6.44052e-07,0.309631
0.000248547,22.3513,8.96451,4.69085e-08,0.0256249
0.000263063,4.09525,1.27707,8.22754e-08,0.070494
0.000278427,6.42058,3.04615,1.16235e-07,0.165077
0.000294688,1.58312,0.470893,1.5588e-07,1.35819
0.000311899,6.68364,1.61395,2.20685e-07,2.02134
0.000330115,9.44305,1.43361,4.29e-07,0.0154926
0.000349395,11.3007,1.36435,1.32892e-05,1.49968
0.000369801,13.1543,7.39614,1.01679e-07,0.0115694
0.000391399,5.49638,1.1884,9.77071e-08,0.0137729
0.000414258,13.1192,2.30032,1.70817e-07,0.0528238
0.000438452,15.7494,1.69165,2.88113e-07,0.028765
0.00046406,40.1245,13.0831,7.90736e-05,1.3948
0.000491162,9.61318,1.80162,2.27397e-07,0.0116082
0.000519848,30.9622,23.3654,6.58802e-06,0.833761
0.000550209,3.92143,0.809072,1.70566e-07,0.15961
0.000582344,7.12235,6.54318,1.32712e-06,0.265474
0.000616355,9.19287,2.81332,9.26935e-07,0.539747
0.000652352,2.74096,1.25809,4.86952e-07,0.0432212
0.000690452,15.4364,2.39086,3.86539e-06,0.142284
0.000730777,7.96651,2.0227,0.00702,1.10048
0.000773457,4.07883,1.1361,1.64982e-07,0.0195061
0.00081863,14.6131,6.98547,2.01532e-06,0.165682
0.000866441,14.2229,9.7251,1.84612e-06,18.7602
0.000917044,7.64714,6.94712,5.21232e-08,0.0223466
0.000970603,2.59809,1.89707,1.44067e-09,0.0421565
0.00102729,2.713,1.94721,4.3588e-08,0.0320857
0.00108729,5.83534,2.21235,3.27814e-07,0.00943473
0.00115079,2.18986,0.701257,4.15154e-06,0.040258
0.001218,1.12507,0.477466,3.53649e-05,0.0162811
0.00128913,3.48004,1.55156,5.02009e-07,0.475588
0.00136443,6.43599,1.88956,1.64636e-07,0.00522841
0.00144411,6.8896,2.0326,7.6741e-08,19.4643
0.00152845,3.68689,1.86085,4.42221e-08,1.20301
0.00161772,2.88033,1.49905,2.67663e-08,0.0514173
0.0017122,1.74901,1.18599,1.69207e-08,3.33322
0.0018122,0.727169,0.744945,1.0997e-08,0.0220022
0.00191804,16.8045,5.00228,7.06598e-09,8.92072
0.00203006,2.24842,2.2295,4.59934e-09,14.5383
0.00214862,11.1763,4.06651,3.23262e-09,0.220302
0.00227411,5.3792,1.89777,2.20032e-09,0.0621829
0.00240693,5.69534,2.00316,1.54196e-09,0.0105175
0.0025475,5.68983,1.99375,7.64632e-10,10.2214
0.00269629,5.1488,1.79418,9.17342e-10,10.0061
0.00285376,5.08746,1.76125,9.01133e-10,0.0148431
0.00302043,4.90252,1.68516,9.69063e-10,0.0169965
0.00319683,4.93493,1.68535,1.13816e-09,0.0328346
0.00338354,5.0005,1.69671,1.40249e-09,1.83324
0.00358115,4.67078,1.57469,1.76358e-09,0.134031
0.00379031,5.20066,1.74225,2.24173e-09,0.846637
0.00401167,4.6812,1.55826,2.87132e-09,0.0512694
0.00424597,5.01372,1.65682,3.70571e-09,0.0509862
0.00449395,4.35649,1.42917,4.85987e-09,0.0161887
0.00475641,3.88834,1.25685,6.57456e-09,0.879727
0.00503421,3.88128,1.23538,9.25603e-09,0.809192
0.00532822,4.02959,1.25978,1.60614e-08,0.954626
0.00563941,3.80357,1.20564,9.27555e-08,2.7758
0.00596877,3.64685,1.32215,5.96642e-09,2.42391
0.00631737,3.32377,1.26677,2.15963e-08,0.334675
0.00668633,3.18413,1.21256,5.80176e-08,0.287537
0.00707684,3.4843,1.28515,1.69291e-06,1.35893
0.00749015,3.21933,1.16686,1.3711e-06,0.230365
0.0079276,2.95858,1.18561,9.67492e-07,1.2983
0.00839061,3.00509,1.30783,6.85231e-08,0.0157339
0.00888065,2.93474,1.19344,1.554e-08,1.1604
0.00939931,3.18558,1.17079,4.58959e-07,0.0129589
0.00994827,2.84033,0.997511,1.7144e-08,0.329905
0.0105293,2.94943,1.02811,2.2e-07,0.703935
0.0111442,3.00418,1.04251,2.2e-07,0.68822
0.0117951,2.73405,0.944532,2.2e-07,0.671784
0.012484,2.54037,0.874618,2.2e-07,0.655689
0.0132131,2.98689,1.02531,2.2e-07,0.640483
0.0139848,2.68347,0.918422,2.2e-07,0.62472
0.0148015,2.79767,0.954667,2.2e-07,0.610211
0.015666,2.45543,0.835914,2.2e-07,0.595099
0.016581,2.39746,0.814412,2.2e-07,0.580432
0.0175493,2.4005,0.81383,2.2e-07,0.56579
0.0185743,2.55403,0.864678,2.2e-07,0.551626
0.0196591,2.40177,0.812106,2.2e-07,0.537554
0.0208073,2.14967,0.724284,2.2e-07,0.523586
0.0220225,2.51863,0.84474,2.2e-07,0.510096
0.0233087,2.10149,0.701628,2.2e-07,0.497032
0.02467,2.23306,0.742167,2.2e-07,0.484426
0.0261108,2.11914,0.701523,0.000160216,0.471409
0.0276358,2.11177,0.69645,2.2e-07,0.459728
0.0292498,2.17268,0.713839,2.2e-07,0.447264
0.0309581,2.08607,0.682089,2.10316e-05,0.435826
0.0327662,2.0843,0.677668,2.2e-07,0.42467
0.0346799,1.94784,0.62973,2.2e-07,0.413014
0.0367053,1.89655,0.60919,2.2e-07,0.402577
0.038849,1.89285,0.603984,2.2e-07,0.392191
0.041118,2.02064,0.640288,1.68e-05,0.382299
0.0435194,1.91556,0.602576,1.68e-05,0.37289
0.0460611,1.79779,0.561412,1.68e-05,0.358595
0.0487512,1.81588,0.562938,1.68e-05,0.334974
0.0515985,1.74927,0.538393,2.08e-05,0.314223
0.054612,1.86493,0.569909,2.08e-05,0.295811
0.0578016,1.8292,0.555014,2.08e-05,0.27929
0.0611774,1.80984,0.545191,5.46e-05,0.264299
0.0647504,1.69993,0.508313,5.46e-05,0.251524
0.0685321,1.73806,0.515888,5.46e-05,0.238019
0.0725346,1.73306,0.509726,4.13e-05,0.225977
0.0767709,1.63793,0.476871,4.13e-05,0.215492
0.0812546,1.63407,0.470938,1.84e-05,0.205759
0.0860001,1.52351,0.43466,1.84e-05,0.197137
0.0910229,1.55453,0.439191,4.21e-05,0.189028
0.0963389,1.61659,0.452869,4.21e-05,0.181839
0.101966,1.56483,0.424167,2.18e-05,0.175329
0.107921,1.54197,0.409644,2.18e-05,0.169804
0.114224,1.51761,0.395618,2.18e-05,0.16429
0.120895,1.49374,0.382256,2.18e-05,0.158522
0.127955,1.47582,0.370527,2.18e-05,0.1544
0.135429,1.45682,0.359561,2.18e-05,0.150038
0.143338,1.43689,0.349057,7.2798e-05,0.145929
0.15171,1.41826,0.339007,9.5933e-05,0.142418
0.16057,1.40781,0.32982,2.18e-05,0.139002
0.169948,1.39676,0.320881,2.18e-05,0.136095
0.179873,1.38021,0.310838,2.18e-05,0.133018
0.190379,1.36417,0.301179,2.18e-05,0.130541
0.201497,1.34885,0.291784,8.8e-05,0.128138
0.213266,1.33351,0.281665,8.8e-05,0.125908
0.225721,1.31878,0.271969,8.8e-05,0.123717
0.238904,1.30765,0.263335,8.8e-05,0.121747
0.252857,1.28601,0.252869,8.8e-05,0.119897
0.267625,1.25442,0.240846,8.8e-05,0.118181
0.283255,1.23417,0.231369,8.8e-05,0.116589
0.299798,1.23005,0.225163,8.8e-05,0.115018
0.317308,1.23,0.219272,0.000138156,0.114307
0.33584,1.22696,0.212999,0.000164642,0.113913
0.355454,1.22081,0.206389,0.000193867,0.113582
0.376214,1.21245,0.199624,0.000226864,0.112756
0.398186,1.2028,0.192852,0.000249612,0.111964
0.421442,1.1917,0.185719,0.0002758,0.111299
0.446055,1.16994,0.177182,0.000284154,0.110694
0.472107,1.15271,0.16967,0.000308763,0.109892
0.499679,1.14112,0.163234,0.000375575,0.109306
0.528863,1.1336,0.156773,0.000521077,0.109768
0.55975,1.12471,0.150358,0.000649404,0.110166
0.592442,1.11936,0.144666,0.000774002,0.111023
0.627042,1.11833,0.139722,0.00103112,0.113843
0.663664,1.11689,0.1349,0.00134187,0.116794
0.702424,1.11342,0.12999,0.00175385,0.118915
0.743449,1.11219,0.125321,0.00245905,0.119161
0.786869,1.11052,0.120774,0.00387416,0.120159
0.832825,1.11232,0.116755,0.00623748,0.121288
0.881465,1.12851,0.11434,0.0109588,0.122393
0.932946,1.16351,0.111802,0.0156445,0.124447
0.987433,1.19834,0.10881,0.0147273,0.125381
1.0451,1.1955,0.105525,0.0192394,0.120227
1.10614,1.19415,0.102235,0.0312558,0.113414
1.17074,1.19771,0.0990469,0.0402956,0.104113
1.23912,1.20141,0.0959585,0.0400262,0.0942654
1.31149,1.20939,0.0922078,0.0753127,0.0867487
1.38808,1.21859,0.0884717,0.167702,0.0793475
1.46915,1.22816,0.0848869,0.312839,0.0732822
1.55496,1.23829,0.0806907,0.401659,0.0671919
1.64577,1.24777,0.0762896,0.437377,0.0621068
1.74189,1.25656,0.0721286,0.466309,0.0582626
1.84363,1.26405,0.0666468,0.492917,0.0537509
1.9513,1.26917,0.0614559,0.516271,0.048416
2.06526,1.27089,0.0562904,0.532507,0.0433233
2.18588,1.27,0.0512943,0.538738,0.0381722
2.31355,1.2619,0.0467416,0.538076,0.0339477
2.44867,1.25317,0.042593,0.536192,0.0296868
2.59168,1.24469,0.0379621,0.532984,0.0254328
2.74304,1.22812,0.0334056,0.52865,0.0218336
2.90324,1.21093,0.029396,0.521318,0.0185858
3.07281,1.19393,0.0254033,0.517852,0.0157661
3.25227,1.17735,0.0214157,0.522915,0.0134003
3.44221,1.161,0.0180541,0.529729,0.0109384
3.64325,1.14527,0.0151055,0.536818,0.0089294
3.85603,1.13566,0.0125988,0.543683,0.00708354
4.08124,1.1246,0.0104826,0.548514,0.00546531
4.3196,1.11088,0.00868318,0.549134,0.00426938
4.57188,1.09788,0.00721249,0.548662,0.00320753
4.83889,1.07779,0.00603365,0.543927,0.00249394
5.1215,1.05697,0.00509914,0.541465,0.00196606
5.42062,1.04327,0.00436964,0.547242,0.00169841
5.7372,1.04038,0.00380124,0.568269,0.00152057
6.07227,1.12818,0.00333774,0.640337,0.00138088
6.42692,1.30657,0.00297651,0.790277,0.00128841
6.80227,1.46792,0.00269818,0.904463,0.00119091
7.19955,1.60637,0.00248427,0.958745,0.00111591
7.62003,1.71259,0.00233051,0.985674,0.00106537
8.06507,1.76315,0.00223291,0.994366,0.00102199
8.5361,1.77927,0.00218256,0.999844,0.0010361
9.03464,1.769,0.00216231,0.997505,0.00105582
9.5623,1.75395,0.00215678,0.991641,0.00114549
10.1208,1.73912,0.00214068,0.986332,0.00122123
10.7119,1.72754,0.00205263,0.984084,0.00122714
11.3375,1.71859,0.00189999,0.983338,0.00120299
11.9996,1.73469,0.00174345,0.984999,0.00115003
12.7004,1.85062,0.00161923,1.00466,0.00105815
13.4422,1.97086,0.00143466,1.06468,0.000957709
14.2273,2.06909,0.00110332,1.14163,0.000839919
15.0582,2.089,0.000774402,1.20158,0.000701994
15.9377,2.089,0.000555427,1.25549,0.000587625
16.8685,2.04748,0.000434498,1.25652,0.000474909
17.8537,1.98442,0.000365279,1.25028,0.000399834
18.8964,1.93682,0.00032029,1.29064,0.000335941
20,1.9343,0.000287261,1.3521,0.00031
