ix,iy,iz,x_mid_cm,y_mid_cm,z_mid_cm,collisions,coll_rate_per_source_per_cm3,coll_rate_per_s_per_cm3
0,0,0,-19.35,-19.35,2.6,0,0,0
1,0,0,-15.05,-19.35,2.6,0,0,0
2,0,0,-10.75,-19.35,2.6,67,5.03275e-06,5.03275
3,0,0,-6.45,-19.35,2.6,749,5.62616e-05,56.2616
4,0,0,-2.15,-19.35,2.6,1777,0.000133481,133.481
5,0,0,2.15,-19.35,2.6,1602,0.000120335,120.335
6,0,0,6.45,-19.35,2.6,676,5.07782e-05,50.7782
7,0,0,10.75,-19.35,2.6,82,6.15949e-06,6.15949
8,0,0,15.05,-19.35,2.6,0,0,0
9,0,0,19.35,-19.35,2.6,0,0,0
0,1,0,-19.35,-15.05,2.6,0,0,0
1,1,0,-15.05,-15.05,2.6,349,2.62154e-05,26.2154
2,1,0,-10.75,-15.05,2.6,2950,0.000221591,221.591
3,1,0,-6.45,-15.05,2.6,5614,0.000421699,421.699
4,1,0,-2.15,-15.05,2.6,9062,0.000680698,680.698
5,1,0,2.15,-15.05,2.6,8409,0.000631648,631.648
6,1,0,6.45,-15.05,2.6,5470,0.000410883,410.883
7,1,0,10.75,-15.05,2.6,2962,0.000222493,222.493
8,1,0,15.05,-15.05,2.6,307,2.30605e-05,23.0605
9,1,0,19.35,-15.05,2.6,0,0,0
0,2,0,-19.35,-10.75,2.6,69,5.18298e-06,5.18298
1,2,0,-15.05,-10.75,2.6,2758,0.000207169,207.169
2,2,0,-10.75,-10.75,2.6,9190,0.000690313,690.313
3,2,0,-6.45,-10.75,2.6,17660,0.00132654,1326.54
4,2,0,-2.15,-10.75,2.6,26551,0.0019944,1994.4
5,2,0,2.15,-10.75,2.6,27954,0.00209978,2099.78
6,2,0,6.45,-10.75,2.6,17806,0.00133751,1337.51
7,2,0,10.75,-10.75,2.6,8921,0.000670107,670.107
8,2,0,15.05,-10.75,2.6,2918,0.000219188,219.188
9,2,0,19.35,-10.75,2.6,64,4.8074e-06,4.8074
0,3,0,-19.35,-6.45,2.6,852,6.39986e-05,63.9986
1,3,0,-15.05,-6.45,2.6,6276,0.000471426,471.426
2,3,0,-10.75,-6.45,2.6,19325,0.00145161,1451.61
3,3,0,-6.45,-6.45,2.6,45102,0.00338787,3387.87
4,3,0,-2.15,-6.45,2.6,72381,0.00543695,5436.95
5,3,0,2.15,-6.45,2.6,71175,0.00534636,5346.36
6,3,0,6.45,-6.45,2.6,43958,0.00330193,3301.93
7,3,0,10.75,-6.45,2.6,17406,0.00130746,1307.46
8,3,0,15.05,-6.45,2.6,6453,0.000484721,484.721
9,3,0,19.35,-6.45,2.6,635,4.76985e-05,47.6985
0,4,0,-19.35,-2.15,2.6,1240,9.31434e-05,93.1434
1,4,0,-15.05,-2.15,2.6,8106,0.000608888,608.888
2,4,0,-10.75,-2.15,2.6,27742,0.00208386,2083.86
3,4,0,-6.45,-2.15,2.6,72185,0.00542223,5422.23
4,4,0,-2.15,-2.15,2.6,131409,0.00987088,9870.88
5,4,0,2.15,-2.15,2.6,131574,0.00988327,9883.27
6,4,0,6.45,-2.15,2.6,72189,0.00542253,5422.53
7,4,0,10.75,-2.15,2.6,26200,0.00196803,1968.03
8,4,0,15.05,-2.15,2.6,9000,0.000676041,676.041
9,4,0,19.35,-2.15,2.6,1218,9.14909e-05,91.4909
0,5,0,-19.35,2.15,2.6,1235,9.27679e-05,92.7679
1,5,0,-15.05,2.15,2.6,7620,0.000572381,572.381
2,5,0,-10.75,2.15,2.6,27301,0.00205073,2050.73
3,5,0,-6.45,2.15,2.6,73027,0.00548547,5485.47
4,5,0,-2.15,2.15,2.6,129136,0.00970014,9700.14
5,5,0,2.15,2.15,2.6,132142,0.00992594,9925.94
6,5,0,6.45,2.15,2.6,71469,0.00536844,5368.44
7,5,0,10.75,2.15,2.6,28834,0.00216589,2165.89
8,5,0,15.05,2.15,2.6,8029,0.000603104,603.104
9,5,0,19.35,2.15,2.6,1259,9.45706e-05,94.5706
0,6,0,-19.35,6.45,2.6,774,5.81395e-05,58.1395
1,6,0,-15.05,6.45,2.6,5250,0.000394357,394.357
2,6,0,-10.75,6.45,2.6,16572,0.00124482,1244.82
3,6,0,-6.45,6.45,2.6,42361,0.00318198,3181.98
4,6,0,-2.15,6.45,2.6,73243,0.0055017,5501.7
5,6,0,2.15,6.45,2.6,74484,0.00559492,5594.92
6,6,0,6.45,6.45,2.6,43607,0.00327557,3275.57
7,6,0,10.75,6.45,2.6,18966,0.00142464,1424.64
8,6,0,15.05,6.45,2.6,6176,0.000463914,463.914
9,6,0,19.35,6.45,2.6,683,5.1304e-05,51.304
0,7,0,-19.35,10.75,2.6,71,5.33321e-06,5.33321
1,7,0,-15.05,10.75,2.6,2222,0.000166907,166.907
2,7,0,-10.75,10.75,2.6,8652,0.000649901,649.901
3,7,0,-6.45,10.75,2.6,17836,0.00133976,1339.76
4,7,0,-2.15,10.75,2.6,27083,0.00203436,2034.36
5,7,0,2.15,10.75,2.6,28359,0.00213021,2130.21
6,7,0,6.45,10.75,2.6,18457,0.00138641,1386.41
7,7,0,10.75,10.75,2.6,8741,0.000656586,656.586
8,7,0,15.05,10.75,2.6,2653,0.000199282,199.282
9,7,0,19.35,10.75,2.6,84,6.30972e-06,6.30972
0,8,0,-19.35,15.05,2.6,0,0,0
1,8,0,-15.05,15.05,2.6,304,2.28352e-05,22.8352
2,8,0,-10.75,15.05,2.6,2550,0.000191545,191.545
3,8,0,-6.45,15.05,2.6,5673,0.000426131,426.131
4,8,0,-2.15,15.05,2.6,8861,0.0006656,665.6
5,8,0,2.15,15.05,2.6,8999,0.000675966,675.966
6,8,0,6.45,15.05,2.6,5971,0.000448516,448.516
7,8,0,10.75,15.05,2.6,2917,0.000219112,219.112
8,8,0,15.05,15.05,2.6,295,2.21591e-05,22.1591
9,8,0,19.35,15.05,2.6,0,0,0
0,9,0,-19.35,19.35,2.6,0,0,0
1,9,0,-15.05,19.35,2.6,0,0,0
2,9,0,-10.75,19.35,2.6,48,3.60555e-06,3.60555
3,9,0,-6.45,19.35,2.6,641,4.81491e-05,48.1491
4,9,0,-2.15,19.35,2.6,1411,0.000105988,105.988
5,9,0,2.15,19.35,2.6,1204,9.04393e-05,90.4393
6,9,0,6.45,19.35,2.6,678,5.09284e-05,50.9284
7,9,0,10.75,19.35,2.6,58,4.35671e-06,4.35671
8,9,0,15.05,19.35,2.6,0,0,0
9,9,0,19.35,19.35,2.6,0,0,0
0,0,1,-19.35,-19.35,9.8,0,0,0
1,0,1,-15.05,-19.35,9.8,0,0,0
2,0,1,-10.75,-19.35,9.8,123,9.23923e-06,9.23923
3,0,1,-6.45,-19.35,9.8,1690,0.000126945,126.945
4,0,1,-2.15,-19.35,9.8,3164,0.000237666,237.666
5,0,1,2.15,-19.35,9.8,3435,0.000258022,258.022
6,0,1,6.45,-19.35,9.8,1639,0.000123115,123.115
7,0,1,10.75,-19.35,9.8,144,1.08167e-05,10.8167
8,0,1,15.05,-19.35,9.8,0,0,0
9,0,1,19.35,-19.35,9.8,0,0,0
0,1,1,-19.35,-15.05,9.8,0,0,0
1,1,1,-15.05,-15.05,9.8,703,5.28063e-05,52.8063
2,1,1,-10.75,-15.05,9.8,5250,0.000394357,394.357
3,1,1,-6.45,-15.05,9.8,13268,0.000996635,996.635
4,1,1,-2.15,-15.05,9.8,19815,0.00148842,1488.42
5,1,1,2.15,-15.05,9.8,19968,0.00149991,1499.91
6,1,1,6.45,-15.05,9.8,14308,0.00107476,1074.76
7,1,1,10.75,-15.05,9.8,6284,0.000472027,472.027
8,1,1,15.05,-15.05,9.8,589,4.42431e-05,44.2431
9,1,1,19.35,-15.05,9.8,0,0,0
0,2,1,-19.35,-10.75,9.8,158,1.18683e-05,11.8683
1,2,1,-15.05,-10.75,9.8,6126,0.000460159,460.159
2,2,1,-10.75,-10.75,9.8,19895,0.00149443,1494.43
3,2,1,-6.45,-10.75,9.8,43070,0.00323523,3235.23
4,2,1,-2.15,-10.75,9.8,67674,0.00508338,5083.38
5,2,1,2.15,-10.75,9.8,67474,0.00506836,5068.36
6,2,1,6.45,-10.75,9.8,44161,0.00331718,3317.18
7,2,1,10.75,-10.75,9.8,19801,0.00148737,1487.37
8,2,1,15.05,-10.75,9.8,6352,0.000477135,477.135
9,2,1,19.35,-10.75,9.8,122,9.16411e-06,9.16411
0,3,1,-19.35,-6.45,9.8,1615,0.000121312,121.312
1,3,1,-15.05,-6.45,9.8,14090,0.00105838,1058.38
2,3,1,-10.75,-6.45,9.8,43728,0.00328466,3284.66
3,3,1,-6.45,-6.45,9.8,109683,0.00823891,8238.91
4,3,1,-2.15,-6.45,9.8,190603,0.0143173,14317.3
5,3,1,2.15,-6.45,9.8,192378,0.0144506,14450.6
6,3,1,6.45,-6.45,9.8,106815,0.00802348,8023.48
7,3,1,10.75,-6.45,9.8,41810,0.00314059,3140.59
8,3,1,15.05,-6.45,9.8,14190,0.00106589,1065.89
9,3,1,19.35,-6.45,9.8,1588,0.000119284,119.284
0,4,1,-19.35,-2.15,9.8,3015,0.000226474,226.474
1,4,1,-15.05,-2.15,9.8,19883,0.00149353,1493.53
2,4,1,-10.75,-2.15,9.8,67803,0.00509307,5093.07
3,4,1,-6.45,-2.15,9.8,191154,0.0143587,14358.7
4,4,1,-2.15,-2.15,9.8,451452,0.0339111,33911.1
5,4,1,2.15,-2.15,9.8,449799,0.033787,33787
6,4,1,6.45,-2.15,9.8,189932,0.0142669,14266.9
7,4,1,10.75,-2.15,9.8,69262,0.00520266,5202.66
8,4,1,15.05,-2.15,9.8,20532,0.00154228,1542.28
9,4,1,19.35,-2.15,9.8,3185,0.000239243,239.243
0,5,1,-19.35,2.15,9.8,3223,0.000242098,242.098
1,5,1,-15.05,2.15,9.8,20171,0.00151516,1515.16
2,5,1,-10.75,2.15,9.8,67970,0.00510561,5105.61
3,5,1,-6.45,2.15,9.8,185473,0.0139319,13931.9
4,5,1,-2.15,2.15,9.8,445184,0.0334403,33440.3
5,5,1,2.15,2.15,9.8,450895,0.0338693,33869.3
6,5,1,6.45,2.15,9.8,192617,0.0144686,14468.6
7,5,1,10.75,2.15,9.8,67290,0.00505453,5054.53
8,5,1,15.05,2.15,9.8,20693,0.00155437,1554.37
9,5,1,19.35,2.15,9.8,3652,0.000274322,274.322
0,6,1,-19.35,6.45,9.8,1778,0.000133556,133.556
1,6,1,-15.05,6.45,9.8,13867,0.00104163,1041.63
2,6,1,-10.75,6.45,9.8,43854,0.00329412,3294.12
3,6,1,-6.45,6.45,9.8,106475,0.00799794,7997.94
4,6,1,-2.15,6.45,9.8,192054,0.0144263,14426.3
5,6,1,2.15,6.45,9.8,193927,0.014567,14567
6,6,1,6.45,6.45,9.8,111505,0.00837577,8375.77
7,6,1,10.75,6.45,9.8,44673,0.00335564,3355.64
8,6,1,15.05,6.45,9.8,12909,0.000969668,969.668
9,6,1,19.35,6.45,9.8,1677,0.000125969,125.969
0,7,1,-19.35,10.75,9.8,160,1.20185e-05,12.0185
1,7,1,-15.05,10.75,9.8,6245,0.000469097,469.097
2,7,1,-10.75,10.75,9.8,19950,0.00149856,1498.56
3,7,1,-6.45,10.75,9.8,41598,0.00312466,3124.66
4,7,1,-2.15,10.75,9.8,65807,0.00494314,4943.14
5,7,1,2.15,10.75,9.8,68033,0.00511034,5110.34
6,7,1,6.45,10.75,9.8,44515,0.00334377,3343.77
7,7,1,10.75,10.75,9.8,19766,0.00148474,1484.74
8,7,1,15.05,10.75,9.8,5355,0.000402244,402.244
9,7,1,19.35,10.75,9.8,125,9.38946e-06,9.38946
0,8,1,-19.35,15.05,9.8,0,0,0
1,8,1,-15.05,15.05,9.8,695,5.22054e-05,52.2054
2,8,1,-10.75,15.05,9.8,5662,0.000425305,425.305
3,8,1,-6.45,15.05,9.8,12545,0.000942326,942.326
4,8,1,-2.15,15.05,9.8,18891,0.00141901,1419.01
5,8,1,2.15,15.05,9.8,19462,0.0014619,1461.9
6,8,1,6.45,15.05,9.8,13173,0.000989499,989.499
7,8,1,10.75,15.05,9.8,5974,0.000448741,448.741
8,8,1,15.05,15.05,9.8,633,4.75482e-05,47.5482
9,8,1,19.35,15.05,9.8,0,0,0
0,9,1,-19.35,19.35,9.8,0,0,0
1,9,1,-15.05,19.35,9.8,0,0,0
2,9,1,-10.75,19.35,9.8,97,7.28622e-06,7.28622
3,9,1,-6.45,19.35,9.8,1534,0.000115227,115.227
4,9,1,-2.15,19.35,9.8,3160,0.000237366,237.366
5,9,1,2.15,19.35,9.8,3180,0.000238868,238.868
6,9,1,6.45,19.35,9.8,1545,0.000116054,116.054
7,9,1,10.75,19.35,9.8,170,1.27697e-05,12.7697
8,9,1,15.05,19.35,9.8,0,0,0
9,9,1,19.35,19.35,9.8,0,0,0
0,0,2,-19.35,-19.35,17,0,0,0
1,0,2,-15.05,-19.35,17,0,0,0
2,0,2,-10.75,-19.35,17,97,7.28622e-06,7.28622
3,0,2,-6.45,-19.35,17,1306,9.81011e-05,98.1011
4,0,2,-2.15,-19.35,17,2687,0.000201836,201.836
5,0,2,2.15,-19.35,17,2808,0.000210925,210.925
6,0,2,6.45,-19.35,17,1053,7.90968e-05,79.0968
7,0,2,10.75,-19.35,17,112,8.41296e-06,8.41296
8,0,2,15.05,-19.35,17,0,0,0
9,0,2,19.35,-19.35,17,0,0,0
0,1,2,-19.35,-15.05,17,0,0,0
1,1,2,-15.05,-15.05,17,485,3.64311e-05,36.4311
2,1,2,-10.75,-15.05,17,3835,0.000288069,288.069
3,1,2,-6.45,-15.05,17,8798,0.000660868,660.868
4,1,2,-2.15,-15.05,17,13419,0.00100798,1007.98
5,1,2,2.15,-15.05,17,14104,0.00105943,1059.43
6,1,2,6.45,-15.05,17,8460,0.000635479,635.479
7,1,2,10.75,-15.05,17,3478,0.000261252,261.252
8,1,2,15.05,-15.05,17,422,3.16988e-05,31.6988
9,1,2,19.35,-15.05,17,0,0,0
0,2,2,-19.35,-10.75,17,87,6.53506e-06,6.53506
1,2,2,-15.05,-10.75,17,3515,0.000264032,264.032
2,2,2,-10.75,-10.75,17,13274,0.000997086,997.086
3,2,2,-6.45,-10.75,17,27049,0.0020318,2031.8
4,2,2,-2.15,-10.75,17,39469,0.00296474,2964.74
5,2,2,2.15,-10.75,17,40908,0.00307283,3072.83
6,2,2,6.45,-10.75,17,26678,0.00200394,2003.94
7,2,2,10.75,-10.75,17,12762,0.000958626,958.626
8,2,2,15.05,-10.75,17,4214,0.000316537,316.537
9,2,2,19.35,-10.75,17,122,9.16411e-06,9.16411
0,3,2,-19.35,-6.45,17,1016,7.63175e-05,76.3175
1,3,2,-15.05,-6.45,17,8970,0.000673788,673.788
2,3,2,-10.75,-6.45,17,26175,0.00196615,1966.15
3,3,2,-6.45,-6.45,17,60986,0.004581,4581
4,3,2,-2.15,-6.45,17,96538,0.00725152,7251.52
5,3,2,2.15,-6.45,17,97779,0.00734474,7344.74
6,3,2,6.45,-6.45,17,59703,0.00448463,4484.63
7,3,2,10.75,-6.45,17,26724,0.00200739,2007.39
8,3,2,15.05,-6.45,17,8799,0.000660943,660.943
9,3,2,19.35,-6.45,17,1161,8.72093e-05,87.2093
0,4,2,-19.35,-2.15,17,2124,0.000159546,159.546
1,4,2,-15.05,-2.15,17,13942,0.00104726,1047.26
2,4,2,-10.75,-2.15,17,41000,0.00307974,3079.74
3,4,2,-6.45,-2.15,17,102171,0.00767464,7674.64
4,4,2,-2.15,-2.15,17,177652,0.0133445,13344.5
5,4,2,2.15,-2.15,17,173580,0.0130386,13038.6
6,4,2,6.45,-2.15,17,99061,0.00744103,7441.03
7,4,2,10.75,-2.15,17,41159,0.00309169,3091.69
8,4,2,15.05,-2.15,17,13759,0.00103352,1033.52
9,4,2,19.35,-2.15,17,2221,0.000166832,166.832
0,5,2,-19.35,2.15,17,2520,0.000189292,189.292
1,5,2,-15.05,2.15,17,14497,0.00108895,1088.95
2,5,2,-10.75,2.15,17,40339,0.00303009,3030.09
3,5,2,-6.45,2.15,17,100347,0.00753763,7537.63
4,5,2,-2.15,2.15,17,173825,0.013057,13057
5,5,2,2.15,2.15,17,173253,0.013014,13014
6,5,2,6.45,2.15,17,94431,0.00709325,7093.25
7,5,2,10.75,2.15,17,42638,0.00320278,3202.78
8,5,2,15.05,2.15,17,14632,0.00109909,1099.09
9,5,2,19.35,2.15,17,2727,0.00020484,204.84
0,6,2,-19.35,6.45,17,1180,8.86365e-05,88.6365
1,6,2,-15.05,6.45,17,9652,0.000725017,725.017
2,6,2,-10.75,6.45,17,27266,0.0020481,2048.1
3,6,2,-6.45,6.45,17,62300,0.00467971,4679.71
4,6,2,-2.15,6.45,17,98366,0.00738883,7388.83
5,6,2,2.15,6.45,17,99472,0.00747191,7471.91
6,6,2,6.45,6.45,17,62565,0.00469961,4699.61
7,6,2,10.75,6.45,17,29392,0.0022078,2207.8
8,6,2,15.05,6.45,17,9873,0.000741617,741.617
9,6,2,19.35,6.45,17,1276,9.58476e-05,95.8476
0,7,2,-19.35,10.75,17,141,1.05913e-05,10.5913
1,7,2,-15.05,10.75,17,3875,0.000291073,291.073
2,7,2,-10.75,10.75,17,13272,0.000996935,996.935
3,7,2,-6.45,10.75,17,27915,0.00209685,2096.85
4,7,2,-2.15,10.75,17,39704,0.00298239,2982.39
5,7,2,2.15,10.75,17,39691,0.00298142,2981.42
6,7,2,6.45,10.75,17,25847,0.00194151,1941.51
7,7,2,10.75,10.75,17,12562,0.000943603,943.603
8,7,2,15.05,10.75,17,3944,0.000296256,296.256
9,7,2,19.35,10.75,17,108,8.11249e-06,8.11249
0,8,2,-19.35,15.05,17,0,0,0
1,8,2,-15.05,15.05,17,438,3.29007e-05,32.9007
2,8,2,-10.75,15.05,17,3952,0.000296857,296.857
3,8,2,-6.45,15.05,17,8769,0.000658689,658.689
4,8,2,-2.15,15.05,17,14126,0.00106108,1061.08
5,8,2,2.15,15.05,17,12275,0.000922045,922.045
6,8,2,6.45,15.05,17,9291,0.0006979,697.9
7,8,2,10.75,15.05,17,3998,0.000300312,300.312
8,8,2,15.05,15.05,17,422,3.16988e-05,31.6988
9,8,2,19.35,15.05,17,0,0,0
0,9,2,-19.35,19.35,17,0,0,0
1,9,2,-15.05,19.35,17,0,0,0
2,9,2,-10.75,19.35,17,131,9.84015e-06,9.84015
3,9,2,-6.45,19.35,17,1107,8.31531e-05,83.1531
4,9,2,-2.15,19.35,17,2531,0.000190118,190.118
5,9,2,2.15,19.35,17,2574,0.000193348,193.348
6,9,2,6.45,19.35,17,1188,8.92374e-05,89.2374
7,9,2,10.75,19.35,17,90,6.76041e-06,6.76041
8,9,2,15.05,19.35,17,0,0,0
9,9,2,19.35,19.35,17,0,0,0
0,0,3,-19.35,-19.35,24.2,0,0,0
1,0,3,-15.05,-19.35,24.2,0,0,0
2,0,3,-10.75,-19.35,24.2,35,2.62905e-06,2.62905
3,0,3,-6.45,-19.35,24.2,343,2.57647e-05,25.7647
4,0,3,-2.15,-19.35,24.2,806,6.05432e-05,60.5432
5,0,3,2.15,-19.35,24.2,770,5.78391e-05,57.8391
6,0,3,6.45,-19.35,24.2,547,4.10883e-05,41.0883
7,0,3,10.75,-19.35,24.2,48,3.60555e-06,3.60555
8,0,3,15.05,-19.35,24.2,0,0,0
9,0,3,19.35,-19.35,24.2,0,0,0
0,1,3,-19.35,-15.05,24.2,0,0,0
1,1,3,-15.05,-15.05,24.2,202,1.51734e-05,15.1734
2,1,3,-10.75,-15.05,24.2,1286,9.65988e-05,96.5988
3,1,3,-6.45,-15.05,24.2,3001,0.000225422,225.422
4,1,3,-2.15,-15.05,24.2,4679,0.000351466,351.466
5,1,3,2.15,-15.05,24.2,4100,0.000307974,307.974
6,1,3,6.45,-15.05,24.2,3003,0.000225572,225.572
7,1,3,10.75,-15.05,24.2,1298,9.75002e-05,97.5002
8,1,3,15.05,-15.05,24.2,140,1.05162e-05,10.5162
9,1,3,19.35,-15.05,24.2,0,0,0
0,2,3,-19.35,-10.75,24.2,18,1.35208e-06,1.35208
1,2,3,-15.05,-10.75,24.2,1311,9.84767e-05,98.4767
2,2,3,-10.75,-10.75,24.2,4453,0.00033449,334.49
3,2,3,-6.45,-10.75,24.2,7481,0.00056194,561.94
4,2,3,-2.15,-10.75,24.2,9637,0.00072389,723.89
5,2,3,2.15,-10.75,24.2,10205,0.000766555,766.555
6,2,3,6.45,-10.75,24.2,7873,0.000591386,591.386
7,2,3,10.75,-10.75,24.2,3997,0.000300237,300.237
8,2,3,15.05,-10.75,24.2,1425,0.00010704,107.04
9,2,3,19.35,-10.75,24.2,19,1.4272e-06,1.4272
0,3,3,-19.35,-6.45,24.2,244,1.83282e-05,18.3282
1,3,3,-15.05,-6.45,24.2,2883,0.000216559,216.559
2,3,3,-10.75,-6.45,24.2,7362,0.000553002,553.002
3,3,3,-6.45,-6.45,24.2,14245,0.00107002,1070.02
4,3,3,-2.15,-6.45,24.2,19521,0.00146633,1466.33
5,3,3,2.15,-6.45,24.2,20626,0.00154934,1549.34
6,3,3,6.45,-6.45,24.2,13982,0.00105027,1050.27
7,3,3,10.75,-6.45,24.2,7472,0.000561264,561.264
8,3,3,15.05,-6.45,24.2,3037,0.000228126,228.126
9,3,3,19.35,-6.45,24.2,386,2.89947e-05,28.9947
0,4,3,-19.35,-2.15,24.2,797,5.98672e-05,59.8672
1,4,3,-15.05,-2.15,24.2,4170,0.000313232,313.232
2,4,3,-10.75,-2.15,24.2,11206,0.000841746,841.746
3,4,3,-6.45,-2.15,24.2,21333,0.00160244,1602.44
4,4,3,-2.15,-2.15,24.2,28369,0.00213096,2130.96
5,4,3,2.15,-2.15,24.2,27505,0.00206606,2066.06
6,4,3,6.45,-2.15,24.2,19921,0.00149638,1496.38
7,4,3,10.75,-2.15,24.2,10371,0.000779025,779.025
8,4,3,15.05,-2.15,24.2,4229,0.000317664,317.664
9,4,3,19.35,-2.15,24.2,943,7.08341e-05,70.8341
0,5,3,-19.35,2.15,24.2,866,6.50502e-05,65.0502
1,5,3,-15.05,2.15,24.2,4049,0.000304143,304.143
2,5,3,-10.75,2.15,24.2,10983,0.000824995,824.995
3,5,3,-6.45,2.15,24.2,20733,0.00155737,1557.37
4,5,3,-2.15,2.15,24.2,28775,0.00216145,2161.45
5,5,3,2.15,2.15,24.2,29548,0.00221952,2219.52
6,5,3,6.45,2.15,24.2,18577,0.00139542,1395.42
7,5,3,10.75,2.15,24.2,9606,0.000721561,721.561
8,5,3,15.05,2.15,24.2,4058,0.000304819,304.819
9,5,3,19.35,2.15,24.2,1071,8.04489e-05,80.4489
0,6,3,-19.35,6.45,24.2,463,3.47786e-05,34.7786
1,6,3,-15.05,6.45,24.2,2991,0.000224671,224.671
2,6,3,-10.75,6.45,24.2,6914,0.00051935,519.35
3,6,3,-6.45,6.45,24.2,14391,0.00108099,1080.99
4,6,3,-2.15,6.45,24.2,20639,0.00155031,1550.31
5,6,3,2.15,6.45,24.2,18654,0.00140121,1401.21
6,6,3,6.45,6.45,24.2,13708,0.00102969,1029.69
7,6,3,10.75,6.45,24.2,8034,0.000603479,603.479
8,6,3,15.05,6.45,24.2,3537,0.000265684,265.684
9,6,3,19.35,6.45,24.2,465,3.49288e-05,34.9288
0,7,3,-19.35,10.75,24.2,44,3.30509e-06,3.30509
1,7,3,-15.05,10.75,24.2,1255,9.42702e-05,94.2702
2,7,3,-10.75,10.75,24.2,3367,0.000252914,252.914
3,7,3,-6.45,10.75,24.2,7386,0.000554804,554.804
4,7,3,-2.15,10.75,24.2,10728,0.000805841,805.841
5,7,3,2.15,10.75,24.2,10308,0.000774292,774.292
6,7,3,6.45,10.75,24.2,6925,0.000520176,520.176
7,7,3,10.75,10.75,24.2,4138,0.000310829,310.829
8,7,3,15.05,10.75,24.2,1630,0.000122439,122.439
9,7,3,19.35,10.75,24.2,52,3.90602e-06,3.90602
0,8,3,-19.35,15.05,24.2,0,0,0
1,8,3,-15.05,15.05,24.2,161,1.20936e-05,12.0936
2,8,3,-10.75,15.05,24.2,1301,9.77255e-05,97.7255
3,8,3,-6.45,15.05,24.2,3576,0.000268614,268.614
4,8,3,-2.15,15.05,24.2,4340,0.000326002,326.002
5,8,3,2.15,15.05,24.2,4430,0.000332762,332.762
6,8,3,6.45,15.05,24.2,3087,0.000231882,231.882
7,8,3,10.75,15.05,24.2,1253,9.41199e-05,94.1199
8,8,3,15.05,15.05,24.2,163,1.22439e-05,12.2439
9,8,3,19.35,15.05,24.2,0,0,0
0,9,3,-19.35,19.35,24.2,0,0,0
1,9,3,-15.05,19.35,24.2,0,0,0
2,9,3,-10.75,19.35,24.2,40,3.00463e-06,3.00463
3,9,3,-6.45,19.35,24.2,519,3.8985e-05,38.985
4,9,3,-2.15,19.35,24.2,971,7.29373e-05,72.9373
5,9,3,2.15,19.35,24.2,958,7.19608e-05,71.9608
6,9,3,6.45,19.35,24.2,432,3.245e-05,32.45
7,9,3,10.75,19.35,24.2,38,2.8544e-06,2.8544
8,9,3,15.05,19.35,24.2,0,0,0
9,9,3,19.35,19.35,24.2,0,0,0
0,0,4,-19.35,-19.35,31.4,0,0,0
1,0,4,-15.05,-19.35,31.4,0,0,0
2,0,4,-10.75,-19.35,31.4,8,6.00925e-07,0.600925
3,0,4,-6.45,-19.35,31.4,69,5.18298e-06,5.18298
4,0,4,-2.15,-19.35,31.4,132,9.91527e-06,9.91527
5,0,4,2.15,-19.35,31.4,184,1.38213e-05,13.8213
6,0,4,6.45,-19.35,31.4,42,3.15486e-06,3.15486
7,0,4,10.75,-19.35,31.4,4,3.00463e-07,0.300463
8,0,4,15.05,-19.35,31.4,0,0,0
9,0,4,19.35,-19.35,31.4,0,0,0
0,1,4,-19.35,-15.05,31.4,0,0,0
1,1,4,-15.05,-15.05,31.4,45,3.38021e-06,3.38021
2,1,4,-10.75,-15.05,31.4,283,2.12577e-05,21.2577
3,1,4,-6.45,-15.05,31.4,614,4.6121e-05,46.121
4,1,4,-2.15,-15.05,31.4,725,5.44589e-05,54.4589
5,1,4,2.15,-15.05,31.4,731,5.49096e-05,54.9096
6,1,4,6.45,-15.05,31.4,434,3.26002e-05,32.6002
7,1,4,10.75,-15.05,31.4,214,1.60748e-05,16.0748
8,1,4,15.05,-15.05,31.4,22,1.65254e-06,1.65254
9,1,4,19.35,-15.05,31.4,0,0,0
0,2,4,-19.35,-10.75,31.4,13,9.76504e-07,0.976504
1,2,4,-15.05,-10.75,31.4,262,1.96803e-05,19.6803
2,2,4,-10.75,-10.75,31.4,775,5.82147e-05,58.2147
3,2,4,-6.45,-10.75,31.4,1208,9.07397e-05,90.7397
4,2,4,-2.15,-10.75,31.4,1435,0.000107791,107.791
5,2,4,2.15,-10.75,31.4,1603,0.00012041,120.41
6,2,4,6.45,-10.75,31.4,1259,9.45706e-05,94.5706
7,2,4,10.75,-10.75,31.4,744,5.58861e-05,55.8861
8,2,4,15.05,-10.75,31.4,219,1.64503e-05,16.4503
9,2,4,19.35,-10.75,31.4,3,2.25347e-07,0.225347
0,3,4,-19.35,-6.45,31.4,35,2.62905e-06,2.62905
1,3,4,-15.05,-6.45,31.4,666,5.0027e-05,50.027
2,3,4,-10.75,-6.45,31.4,1323,9.9378e-05,99.378
3,3,4,-6.45,-6.45,31.4,2086,0.000156691,156.691
4,3,4,-2.15,-6.45,31.4,2641,0.000198381,198.381
5,3,4,2.15,-6.45,31.4,2550,0.000191545,191.545
6,3,4,6.45,-6.45,31.4,2067,0.000155264,155.264
7,3,4,10.75,-6.45,31.4,1077,8.08996e-05,80.8996
8,3,4,15.05,-6.45,31.4,505,3.79334e-05,37.9334
9,3,4,19.35,-6.45,31.4,74,5.55856e-06,5.55856
0,4,4,-19.35,-2.15,31.4,73,5.48344e-06,5.48344
1,4,4,-15.05,-2.15,31.4,739,5.55105e-05,55.5105
2,4,4,-10.75,-2.15,31.4,1708,0.000128298,128.298
3,4,4,-6.45,-2.15,31.4,2735,0.000205441,205.441
4,4,4,-2.15,-2.15,31.4,3922,0.000294604,294.604
5,4,4,2.15,-2.15,31.4,3608,0.000271017,271.017
6,4,4,6.45,-2.15,31.4,2554,0.000191845,191.845
7,4,4,10.75,-2.15,31.4,1573,0.000118157,118.157
8,4,4,15.05,-2.15,31.4,852,6.39986e-05,63.9986
9,4,4,19.35,-2.15,31.4,93,6.98576e-06,6.98576
0,5,4,-19.35,2.15,31.4,120,9.01388e-06,9.01388
1,5,4,-15.05,2.15,31.4,981,7.36885e-05,73.6885
2,5,4,-10.75,2.15,31.4,1809,0.000135884,135.884
3,5,4,-6.45,2.15,31.4,2791,0.000209648,209.648
4,5,4,-2.15,2.15,31.4,3641,0.000273496,273.496
5,5,4,2.15,2.15,31.4,3680,0.000276426,276.426
6,5,4,6.45,2.15,31.4,2849,0.000214005,214.005
7,5,4,10.75,2.15,31.4,1747,0.000131227,131.227
8,5,4,15.05,2.15,31.4,726,5.4534e-05,54.534
9,5,4,19.35,2.15,31.4,105,7.88715e-06,7.88715
0,6,4,-19.35,6.45,31.4,72,5.40833e-06,5.40833
1,6,4,-15.05,6.45,31.4,624,4.68722e-05,46.8722
2,6,4,-10.75,6.45,31.4,1527,0.000114702,114.702
3,6,4,-6.45,6.45,31.4,1825,0.000137086,137.086
4,6,4,-2.15,6.45,31.4,2841,0.000213404,213.404
5,6,4,2.15,6.45,31.4,2712,0.000203714,203.714
6,6,4,6.45,6.45,31.4,1949,0.0001464,146.4
7,6,4,10.75,6.45,31.4,1331,9.9979e-05,99.979
8,6,4,15.05,6.45,31.4,818,6.14446e-05,61.4446
9,6,4,19.35,6.45,31.4,95,7.13599e-06,7.13599
0,7,4,-19.35,10.75,31.4,8,6.00925e-07,0.600925
1,7,4,-15.05,10.75,31.4,373,2.80181e-05,28.0181
2,7,4,-10.75,10.75,31.4,802,6.02428e-05,60.2428
3,7,4,-6.45,10.75,31.4,1531,0.000115002,115.002
4,7,4,-2.15,10.75,31.4,1408,0.000105763,105.763
5,7,4,2.15,10.75,31.4,1691,0.000127021,127.021
6,7,4,6.45,10.75,31.4,1520,0.000114176,114.176
7,7,4,10.75,10.75,31.4,832,6.24962e-05,62.4962
8,7,4,15.05,10.75,31.4,444,3.33514e-05,33.3514
9,7,4,19.35,10.75,31.4,4,3.00463e-07,0.300463
0,8,4,-19.35,15.05,31.4,0,0,0
1,8,4,-15.05,15.05,31.4,68,5.10787e-06,5.10787
2,8,4,-10.75,15.05,31.4,339,2.54642e-05,25.4642
3,8,4,-6.45,15.05,31.4,576,4.32666e-05,43.2666
4,8,4,-2.15,15.05,31.4,649,4.87501e-05,48.7501
5,8,4,2.15,15.05,31.4,764,5.73884e-05,57.3884
6,8,4,6.45,15.05,31.4,583,4.37924e-05,43.7924
7,8,4,10.75,15.05,31.4,440,3.30509e-05,33.0509
8,8,4,15.05,15.05,31.4,23,1.72766e-06,1.72766
9,8,4,19.35,15.05,31.4,0,0,0
0,9,4,-19.35,19.35,31.4,0,0,0
1,9,4,-15.05,19.35,31.4,0,0,0
2,9,4,-10.75,19.35,31.4,8,6.00925e-07,0.600925
3,9,4,-6.45,19.35,31.4,135,1.01406e-05,10.1406
4,9,4,-2.15,19.35,31.4,127,9.53969e-06,9.53969
5,9,4,2.15,19.35,31.4,127,9.53969e-06,9.53969
6,9,4,6.45,19.35,31.4,73,5.48344e-06,5.48344
7,9,4,10.75,19.35,31.4,2,1.50231e-07,0.150231
8,9,4,15.05,19.35,31.4,0,0,0
9,9,4,19.35,19.35,31.4,0,0,0
0,0,5,-19.35,-19.35,38.6,0,0,0
1,0,5,-15.05,-19.35,38.6,0,0,0
2,0,5,-10.75,-19.35,38.6,1,7.51157e-08,0.0751157
3,0,5,-6.45,-19.35,38.6,1,7.51157e-08,0.0751157
4,0,5,-2.15,-19.35,38.6,1,7.51157e-08,0.0751157
5,0,5,2.15,-19.35,38.6,0,0,0
6,0,5,6.45,-19.35,38.6,0,0,0
7,0,5,10.75,-19.35,38.6,3,2.25347e-07,0.225347
8,0,5,15.05,-19.35,38.6,0,0,0
9,0,5,19.35,-19.35,38.6,0,0,0
0,1,5,-19.35,-15.05,38.6,0,0,0
1,1,5,-15.05,-15.05,38.6,3,2.25347e-07,0.225347
2,1,5,-10.75,-15.05,38.6,0,0,0
3,1,5,-6.45,-15.05,38.6,0,0,0
4,1,5,-2.15,-15.05,38.6,0,0,0
5,1,5,2.15,-15.05,38.6,0,0,0
6,1,5,6.45,-15.05,38.6,0,0,0
7,1,5,10.75,-15.05,38.6,0,0,0
8,1,5,15.05,-15.05,38.6,1,7.51157e-08,0.0751157
9,1,5,19.35,-15.05,38.6,0,0,0
0,2,5,-19.35,-10.75,38.6,1,7.51157e-08,0.0751157
1,2,5,-15.05,-10.75,38.6,0,0,0
2,2,5,-10.75,-10.75,38.6,0,0,0
3,2,5,-6.45,-10.75,38.6,0,0,0
4,2,5,-2.15,-10.75,38.6,0,0,0
5,2,5,2.15,-10.75,38.6,0,0,0
6,2,5,6.45,-10.75,38.6,0,0,0
7,2,5,10.75,-10.75,38.6,0,0,0
8,2,5,15.05,-10.75,38.6,0,0,0
9,2,5,19.35,-10.75,38.6,4,3.00463e-07,0.300463
0,3,5,-19.35,-6.45,38.6,10,7.51157e-07,0.751157
1,3,5,-15.05,-6.45,38.6,0,0,0
2,3,5,-10.75,-6.45,38.6,0,0,0
3,3,5,-6.45,-6.45,38.6,0,0,0
4,3,5,-2.15,-6.45,38.6,0,0,0
5,3,5,2.15,-6.45,38.6,0,0,0
6,3,5,6.45,-6.45,38.6,0,0,0
7,3,5,10.75,-6.45,38.6,0,0,0
8,3,5,15.05,-6.45,38.6,0,0,0
9,3,5,19.35,-6.45,38.6,2,1.50231e-07,0.150231
0,4,5,-19.35,-2.15,38.6,2,1.50231e-07,0.150231
1,4,5,-15.05,-2.15,38.6,1,7.51157e-08,0.0751157
2,4,5,-10.75,-2.15,38.6,0,0,0
3,4,5,-6.45,-2.15,38.6,0,0,0
4,4,5,-2.15,-2.15,38.6,0,0,0
5,4,5,2.15,-2.15,38.6,0,0,0
6,4,5,6.45,-2.15,38.6,0,0,0
7,4,5,10.75,-2.15,38.6,0,0,0
8,4,5,15.05,-2.15,38.6,0,0,0
9,4,5,19.35,-2.15,38.6,0,0,0
0,5,5,-19.35,2.15,38.6,0,0,0
1,5,5,-15.05,2.15,38.6,0,0,0
2,5,5,-10.75,2.15,38.6,0,0,0
3,5,5,-6.45,2.15,38.6,0,0,0
4,5,5,-2.15,2.15,38.6,0,0,0
5,5,5,2.15,2.15,38.6,0,0,0
6,5,5,6.45,2.15,38.6,1,7.51157e-08,0.0751157
7,5,5,10.75,2.15,38.6,0,0,0
8,5,5,15.05,2.15,38.6,0,0,0
9,5,5,19.35,2.15,38.6,1,7.51157e-08,0.0751157
0,6,5,-19.35,6.45,38.6,3,2.25347e-07,0.225347
1,6,5,-15.05,6.45,38.6,0,0,0
2,6,5,-10.75,6.45,38.6,0,0,0
3,6,5,-6.45,6.45,38.6,0,0,0
4,6,5,-2.15,6.45,38.6,0,0,0
5,6,5,2.15,6.45,38.6,0,0,0
6,6,5,6.45,6.45,38.6,0,0,0
7,6,5,10.75,6.45,38.6,0,0,0
8,6,5,15.05,6.45,38.6,0,0,0
9,6,5,19.35,6.45,38.6,2,1.50231e-07,0.150231
0,7,5,-19.35,10.75,38.6,0,0,0
1,7,5,-15.05,10.75,38.6,1,7.51157e-08,0.0751157
2,7,5,-10.75,10.75,38.6,0,0,0
3,7,5,-6.45,10.75,38.6,0,0,0
4,7,5,-2.15,10.75,38.6,0,0,0
5,7,5,2.15,10.75,38.6,0,0,0
6,7,5,6.45,10.75,38.6,0,0,0
7,7,5,10.75,10.75,38.6,0,0,0
8,7,5,15.05,10.75,38.6,1,7.51157e-08,0.0751157
9,7,5,19.35,10.75,38.6,6,4.50694e-07,0.450694
0,8,5,-19.35,15.05,38.6,0,0,0
1,8,5,-15.05,15.05,38.6,0,0,0
2,8,5,-10.75,15.05,38.6,4,3.00463e-07,0.300463
3,8,5,-6.45,15.05,38.6,0,0,0
4,8,5,-2.15,15.05,38.6,0,0,0
5,8,5,2.15,15.05,38.6,0,0,0
6,8,5,6.45,15.05,38.6,0,0,0
7,8,5,10.75,15.05,38.6,1,7.51157e-08,0.0751157
8,8,5,15.05,15.05,38.6,0,0,0
9,8,5,19.35,15.05,38.6,0,0,0
0,9,5,-19.35,19.35,38.6,0,0,0
1,9,5,-15.05,19.35,38.6,0,0,0
2,9,5,-10.75,19.35,38.6,0,0,0
3,9,5,-6.45,19.35,38.6,0,0,0
4,9,5,-2.15,19.35,38.6,0,0,0
5,9,5,2.15,19.35,38.6,0,0,0
6,9,5,6.45,19.35,38.6,9,6.76041e-07,0.676041
7,9,5,10.75,19.35,38.6,1,7.51157e-08,0.0751157
8,9,5,15.05,19.35,38.6,0,0,0
9,9,5,19.35,19.35,38.6,0,0,0
0,0,6,-19.35,-19.35,45.8,0,0,0
1,0,6,-15.05,-19.35,45.8,0,0,0
2,0,6,-10.75,-19.35,45.8,0,0,0
3,0,6,-6.45,-19.35,45.8,1,7.51157e-08,0.0751157
4,0,6,-2.15,-19.35,45.8,3,2.25347e-07,0.225347
5,0,6,2.15,-19.35,45.8,0,0,0
6,0,6,6.45,-19.35,45.8,0,0,0
7,0,6,10.75,-19.35,45.8,2,1.50231e-07,0.150231
8,0,6,15.05,-19.35,45.8,0,0,0
9,0,6,19.35,-19.35,45.8,0,0,0
0,1,6,-19.35,-15.05,45.8,0,0,0
1,1,6,-15.05,-15.05,45.8,3,2.25347e-07,0.225347
2,1,6,-10.75,-15.05,45.8,2,1.50231e-07,0.150231
3,1,6,-6.45,-15.05,45.8,0,0,0
4,1,6,-2.15,-15.05,45.8,0,0,0
5,1,6,2.15,-15.05,45.8,0,0,0
6,1,6,6.45,-15.05,45.8,0,0,0
7,1,6,10.75,-15.05,45.8,0,0,0
8,1,6,15.05,-15.05,45.8,2,1.50231e-07,0.150231
9,1,6,19.35,-15.05,45.8,0,0,0
0,2,6,-19.35,-10.75,45.8,0,0,0
1,2,6,-15.05,-10.75,45.8,2,1.50231e-07,0.150231
2,2,6,-10.75,-10.75,45.8,0,0,0
3,2,6,-6.45,-10.75,45.8,0,0,0
4,2,6,-2.15,-10.75,45.8,0,0,0
5,2,6,2.15,-10.75,45.8,0,0,0
6,2,6,6.45,-10.75,45.8,0,0,0
7,2,6,10.75,-10.75,45.8,0,0,0
8,2,6,15.05,-10.75,45.8,1,7.51157e-08,0.0751157
9,2,6,19.35,-10.75,45.8,0,0,0
0,3,6,-19.35,-6.45,45.8,6,4.50694e-07,0.450694
1,3,6,-15.05,-6.45,45.8,0,0,0
2,3,6,-10.75,-6.45,45.8,0,0,0
3,3,6,-6.45,-6.45,45.8,0,0,0
4,3,6,-2.15,-6.45,45.8,0,0,0
5,3,6,2.15,-6.45,45.8,0,0,0
6,3,6,6.45,-6.45,45.8,0,0,0
7,3,6,10.75,-6.45,45.8,0,0,0
8,3,6,15.05,-6.45,45.8,0,0,0
9,3,6,19.35,-6.45,45.8,2,1.50231e-07,0.150231
0,4,6,-19.35,-2.15,45.8,6,4.50694e-07,0.450694
1,4,6,-15.05,-2.15,45.8,0,0,0
2,4,6,-10.75,-2.15,45.8,0,0,0
3,4,6,-6.45,-2.15,45.8,0,0,0
4,4,6,-2.15,-2.15,45.8,0,0,0
5,4,6,2.15,-2.15,45.8,0,0,0
6,4,6,6.45,-2.15,45.8,0,0,0
7,4,6,10.75,-2.15,45.8,0,0,0
8,4,6,15.05,-2.15,45.8,0,0,0
9,4,6,19.35,-2.15,45.8,0,0,0
0,5,6,-19.35,2.15,45.8,2,1.50231e-07,0.150231
1,5,6,-15.05,2.15,45.8,0,0,0
2,5,6,-10.75,2.15,45.8,0,0,0
3,5,6,-6.45,2.15,45.8,0,0,0
4,5,6,-2.15,2.15,45.8,0,0,0
5,5,6,2.15,2.15,45.8,0,0,0
6,5,6,6.45,2.15,45.8,1,7.51157e-08,0.0751157
7,5,6,10.75,2.15,45.8,0,0,0
8,5,6,15.05,2.15,45.8,0,0,0
9,5,6,19.35,2.15,45.8,2,1.50231e-07,0.150231
0,6,6,-19.35,6.45,45.8,3,2.25347e-07,0.225347
1,6,6,-15.05,6.45,45.8,0,0,0
2,6,6,-10.75,6.45,45.8,0,0,0
3,6,6,-6.45,6.45,45.8,0,0,0
4,6,6,-2.15,6.45,45.8,0,0,0
5,6,6,2.15,6.45,45.8,0,0,0
6,6,6,6.45,6.45,45.8,0,0,0
7,6,6,10.75,6.45,45.8,0,0,0
8,6,6,15.05,6.45,45.8,0,0,0
9,6,6,19.35,6.45,45.8,0,0,0
0,7,6,-19.35,10.75,45.8,2,1.50231e-07,0.150231
1,7,6,-15.05,10.75,45.8,6,4.50694e-07,0.450694
2,7,6,-10.75,10.75,45.8,0,0,0
3,7,6,-6.45,10.75,45.8,0,0,0
4,7,6,-2.15,10.75,45.8,0,0,0
5,7,6,2.15,10.75,45.8,0,0,0
6,7,6,6.45,10.75,45.8,0,0,0
7,7,6,10.75,10.75,45.8,0,0,0
8,7,6,15.05,10.75,45.8,2,1.50231e-07,0.150231
9,7,6,19.35,10.75,45.8,0,0,0
0,8,6,-19.35,15.05,45.8,0,0,0
1,8,6,-15.05,15.05,45.8,0,0,0
2,8,6,-10.75,15.05,45.8,4,3.00463e-07,0.300463
3,8,6,-6.45,15.05,45.8,0,0,0
4,8,6,-2.15,15.05,45.8,0,0,0
5,8,6,2.15,15.05,45.8,0,0,0
6,8,6,6.45,15.05,45.8,0,0,0
7,8,6,10.75,15.05,45.8,2,1.50231e-07,0.150231
8,8,6,15.05,15.05,45.8,8,6.00925e-07,0.600925
9,8,6,19.35,15.05,45.8,0,0,0
0,9,6,-19.35,19.35,45.8,0,0,0
1,9,6,-15.05,19.35,45.8,0,0,0
2,9,6,-10.75,19.35,45.8,2,1.50231e-07,0.150231
3,9,6,-6.45,19.35,45.8,0,0,0
4,9,6,-2.15,19.35,45.8,2,1.50231e-07,0.150231
5,9,6,2.15,19.35,45.8,1,7.51157e-08,0.0751157
6,9,6,6.45,19.35,45.8,2,1.50231e-07,0.150231
7,9,6,10.75,19.35,45.8,1,7.51157e-08,0.0751157
8,9,6,15.05,19.35,45.8,0,0,0
9,9,6,19.35,19.35,45.8,0,0,0
0,0,7,-19.35,-19.35,53,0,0,0
1,0,7,-15.05,-19.35,53,0,0,0
2,0,7,-10.75,-19.35,53,0,0,0
3,0,7,-6.45,-19.35,53,7,5.2581e-07,0.52581
4,0,7,-2.15,-19.35,53,0,0,0
5,0,7,2.15,-19.35,53,2,1.50231e-07,0.150231
6,0,7,6.45,-19.35,53,0,0,0
7,0,7,10.75,-19.35,53,0,0,0
8,0,7,15.05,-19.35,53,0,0,0
9,0,7,19.35,-19.35,53,0,0,0
0,1,7,-19.35,-15.05,53,0,0,0
1,1,7,-15.05,-15.05,53,0,0,0
2,1,7,-10.75,-15.05,53,7,5.2581e-07,0.52581
3,1,7,-6.45,-15.05,53,0,0,0
4,1,7,-2.15,-15.05,53,0,0,0
5,1,7,2.15,-15.05,53,0,0,0
6,1,7,6.45,-15.05,53,0,0,0
7,1,7,10.75,-15.05,53,2,1.50231e-07,0.150231
8,1,7,15.05,-15.05,53,0,0,0
9,1,7,19.35,-15.05,53,0,0,0
0,2,7,-19.35,-10.75,53,3,2.25347e-07,0.225347
1,2,7,-15.05,-10.75,53,0,0,0
2,2,7,-10.75,-10.75,53,0,0,0
3,2,7,-6.45,-10.75,53,0,0,0
4,2,7,-2.15,-10.75,53,0,0,0
5,2,7,2.15,-10.75,53,0,0,0
6,2,7,6.45,-10.75,53,0,0,0
7,2,7,10.75,-10.75,53,0,0,0
8,2,7,15.05,-10.75,53,4,3.00463e-07,0.300463
9,2,7,19.35,-10.75,53,1,7.51157e-08,0.0751157
0,3,7,-19.35,-6.45,53,2,1.50231e-07,0.150231
1,3,7,-15.05,-6.45,53,0,0,0
2,3,7,-10.75,-6.45,53,0,0,0
3,3,7,-6.45,-6.45,53,0,0,0
4,3,7,-2.15,-6.45,53,0,0,0
5,3,7,2.15,-6.45,53,1,7.51157e-08,0.0751157
6,3,7,6.45,-6.45,53,0,0,0
7,3,7,10.75,-6.45,53,0,0,0
8,3,7,15.05,-6.45,53,0,0,0
9,3,7,19.35,-6.45,53,1,7.51157e-08,0.0751157
0,4,7,-19.35,-2.15,53,0,0,0
1,4,7,-15.05,-2.15,53,0,0,0
2,4,7,-10.75,-2.15,53,0,0,0
3,4,7,-6.45,-2.15,53,0,0,0
4,4,7,-2.15,-2.15,53,0,0,0
5,4,7,2.15,-2.15,53,0,0,0
6,4,7,6.45,-2.15,53,0,0,0
7,4,7,10.75,-2.15,53,0,0,0
8,4,7,15.05,-2.15,53,0,0,0
9,4,7,19.35,-2.15,53,1,7.51157e-08,0.0751157
0,5,7,-19.35,2.15,53,1,7.51157e-08,0.0751157
1,5,7,-15.05,2.15,53,0,0,0
2,5,7,-10.75,2.15,53,0,0,0
3,5,7,-6.45,2.15,53,0,0,0
4,5,7,-2.15,2.15,53,0,0,0
5,5,7,2.15,2.15,53,0,0,0
6,5,7,6.45,2.15,53,0,0,0
7,5,7,10.75,2.15,53,0,0,0
8,5,7,15.05,2.15,53,0,0,0
9,5,7,19.35,2.15,53,0,0,0
0,6,7,-19.35,6.45,53,5,3.75578e-07,0.375578
1,6,7,-15.05,6.45,53,0,0,0
2,6,7,-10.75,6.45,53,0,0,0
3,6,7,-6.45,6.45,53,0,0,0
4,6,7,-2.15,6.45,53,0,0,0
5,6,7,2.15,6.45,53,0,0,0
6,6,7,6.45,6.45,53,0,0,0
7,6,7,10.75,6.45,53,0,0,0
8,6,7,15.05,6.45,53,0,0,0
9,6,7,19.35,6.45,53,1,7.51157e-08,0.0751157
0,7,7,-19.35,10.75,53,0,0,0
1,7,7,-15.05,10.75,53,0,0,0
2,7,7,-10.75,10.75,53,0,0,0
3,7,7,-6.45,10.75,53,0,0,0
4,7,7,-2.15,10.75,53,0,0,0
5,7,7,2.15,10.75,53,0,0,0
6,7,7,6.45,10.75,53,0,0,0
7,7,7,10.75,10.75,53,0,0,0
8,7,7,15.05,10.75,53,0,0,0
9,7,7,19.35,10.75,53,0,0,0
0,8,7,-19.35,15.05,53,0,0,0
1,8,7,-15.05,15.05,53,4,3.00463e-07,0.300463
2,8,7,-10.75,15.05,53,4,3.00463e-07,0.300463
3,8,7,-6.45,15.05,53,0,0,0
4,8,7,-2.15,15.05,53,0,0,0
5,8,7,2.15,15.05,53,0,0,0
6,8,7,6.45,15.05,53,0,0,0
7,8,7,10.75,15.05,53,0,0,0
8,8,7,15.05,15.05,53,3,2.25347e-07,0.225347
9,8,7,19.35,15.05,53,0,0,0
0,9,7,-19.35,19.35,53,0,0,0
1,9,7,-15.05,19.35,53,0,0,0
2,9,7,-10.75,19.35,53,1,7.51157e-08,0.0751157
3,9,7,-6.45,19.35,53,8,6.00925e-07,0.600925
4,9,7,-2.15,19.35,53,6,4.50694e-07,0.450694
5,9,7,2.15,19.35,53,2,1.50231e-07,0.150231
6,9,7,6.45,19.35,53,5,3.75578e-07,0.375578
7,9,7,10.75,19.35,53,0,0,0
8,9,7,15.05,19.35,53,0,0,0
9,9,7,19.35,19.35,53,0,0,0
0,0,8,-19.35,-19.35,60.2,0,0,0
1,0,8,-15.05,-19.35,60.2,0,0,0
2,0,8,-10.75,-19.35,60.2,0,0,0
3,0,8,-6.45,-19.35,60.2,4,3.00463e-07,0.300463
4,0,8,-2.15,-19.35,60.2,1,7.51157e-08,0.0751157
5,0,8,2.15,-19.35,60.2,0,0,0
6,0,8,6.45,-19.35,60.2,3,2.25347e-07,0.225347
7,0,8,10.75,-19.35,60.2,0,0,0
8,0,8,15.05,-19.35,60.2,0,0,0
9,0,8,19.35,-19.35,60.2,0,0,0
0,1,8,-19.35,-15.05,60.2,0,0,0
1,1,8,-15.05,-15.05,60.2,4,3.00463e-07,0.300463
2,1,8,-10.75,-15.05,60.2,3,2.25347e-07,0.225347
3,1,8,-6.45,-15.05,60.2,0,0,0
4,1,8,-2.15,-15.05,60.2,0,0,0
5,1,8,2.15,-15.05,60.2,0,0,0
6,1,8,6.45,-15.05,60.2,0,0,0
7,1,8,10.75,-15.05,60.2,1,7.51157e-08,0.0751157
8,1,8,15.05,-15.05,60.2,0,0,0
9,1,8,19.35,-15.05,60.2,0,0,0
0,2,8,-19.35,-10.75,60.2,3,2.25347e-07,0.225347
1,2,8,-15.05,-10.75,60.2,0,0,0
2,2,8,-10.75,-10.75,60.2,0,0,0
3,2,8,-6.45,-10.75,60.2,0,0,0
4,2,8,-2.15,-10.75,60.2,0,0,0
5,2,8,2.15,-10.75,60.2,0,0,0
6,2,8,6.45,-10.75,60.2,0,0,0
7,2,8,10.75,-10.75,60.2,0,0,0
8,2,8,15.05,-10.75,60.2,1,7.51157e-08,0.0751157
9,2,8,19.35,-10.75,60.2,0,0,0
0,3,8,-19.35,-6.45,60.2,1,7.51157e-08,0.0751157
1,3,8,-15.05,-6.45,60.2,0,0,0
2,3,8,-10.75,-6.45,60.2,0,0,0
3,3,8,-6.45,-6.45,60.2,0,0,0
4,3,8,-2.15,-6.45,60.2,0,0,0
5,3,8,2.15,-6.45,60.2,0,0,0
6,3,8,6.45,-6.45,60.2,0,0,0
7,3,8,10.75,-6.45,60.2,0,0,0
8,3,8,15.05,-6.45,60.2,0,0,0
9,3,8,19.35,-6.45,60.2,3,2.25347e-07,0.225347
0,4,8,-19.35,-2.15,60.2,0,0,0
1,4,8,-15.05,-2.15,60.2,0,0,0
2,4,8,-10.75,-2.15,60.2,0,0,0
3,4,8,-6.45,-2.15,60.2,0,0,0
4,4,8,-2.15,-2.15,60.2,0,0,0
5,4,8,2.15,-2.15,60.2,0,0,0
6,4,8,6.45,-2.15,60.2,0,0,0
7,4,8,10.75,-2.15,60.2,0,0,0
8,4,8,15.05,-2.15,60.2,0,0,0
9,4,8,19.35,-2.15,60.2,0,0,0
0,5,8,-19.35,2.15,60.2,0,0,0
1,5,8,-15.05,2.15,60.2,0,0,0
2,5,8,-10.75,2.15,60.2,0,0,0
3,5,8,-6.45,2.15,60.2,0,0,0
4,5,8,-2.15,2.15,60.2,0,0,0
5,5,8,2.15,2.15,60.2,0,0,0
6,5,8,6.45,2.15,60.2,0,0,0
7,5,8,10.75,2.15,60.2,0,0,0
8,5,8,15.05,2.15,60.2,0,0,0
9,5,8,19.35,2.15,60.2,0,0,0
0,6,8,-19.35,6.45,60.2,0,0,0
1,6,8,-15.05,6.45,60.2,0,0,0
2,6,8,-10.75,6.45,60.2,0,0,0
3,6,8,-6.45,6.45,60.2,0,0,0
4,6,8,-2.15,6.45,60.2,0,0,0
5,6,8,2.15,6.45,60.2,0,0,0
6,6,8,6.45,6.45,60.2,0,0,0
7,6,8,10.75,6.45,60.2,0,0,0
8,6,8,15.05,6.45,60.2,0,0,0
9,6,8,19.35,6.45,60.2,8,6.00925e-07,0.600925
0,7,8,-19.35,10.75,60.2,0,0,0
1,7,8,-15.05,10.75,60.2,0,0,0
2,7,8,-10.75,10.75,60.2,0,0,0
3,7,8,-6.45,10.75,60.2,0,0,0
4,7,8,-2.15,10.75,60.2,0,0,0
5,7,8,2.15,10.75,60.2,0,0,0
6,7,8,6.45,10.75,60.2,0,0,0
7,7,8,10.75,10.75,60.2,0,0,0
8,7,8,15.05,10.75,60.2,1,7.51157e-08,0.0751157
9,7,8,19.35,10.75,60.2,5,3.75578e-07,0.375578
0,8,8,-19.35,15.05,60.2,0,0,0
1,8,8,-15.05,15.05,60.2,3,2.25347e-07,0.225347
2,8,8,-10.75,15.05,60.2,0,0,0
3,8,8,-6.45,15.05,60.2,0,0,0
4,8,8,-2.15,15.05,60.2,0,0,0
5,8,8,2.15,15.05,60.2,0,0,0
6,8,8,6.45,15.05,60.2,0,0,0
7,8,8,10.75,15.05,60.2,1,7.51157e-08,0.0751157
8,8,8,15.05,15.05,60.2,0,0,0
9,8,8,19.35,15.05,60.2,0,0,0
0,9,8,-19.35,19.35,60.2,0,0,0
1,9,8,-15.05,19.35,60.2,0,0,0
2,9,8,-10.75,19.35,60.2,0,0,0
3,9,8,-6.45,19.35,60.2,0,0,0
4,9,8,-2.15,19.35,60.2,0,0,0
5,9,8,2.15,19.35,60.2,1,7.51157e-08,0.0751157
6,9,8,6.45,19.35,60.2,6,4.50694e-07,0.450694
7,9,8,10.75,19.35,60.2,3,2.25347e-07,0.225347
8,9,8,15.05,19.35,60.2,0,0,0
9,9,8,19.35,19.35,60.2,0,0,0
0,0,9,-19.35,-19.35,67.4,0,0,0
1,0,9,-15.05,-19.35,67.4,0,0,0
2,0,9,-10.75,-19.35,67.4,0,0,0
3,0,9,-6.45,-19.35,67.4,0,0,0
4,0,9,-2.15,-19.35,67.4,0,0,0
5,0,9,2.15,-19.35,67.4,1,7.51157e-08,0.0751157
6,0,9,6.45,-19.35,67.4,0,0,0
7,0,9,10.75,-19.35,67.4,2,1.50231e-07,0.150231
8,0,9,15.05,-19.35,67.4,0,0,0
9,0,9,19.35,-19.35,67.4,0,0,0
0,1,9,-19.35,-15.05,67.4,0,0,0
1,1,9,-15.05,-15.05,67.4,0,0,0
2,1,9,-10.75,-15.05,67.4,0,0,0
3,1,9,-6.45,-15.05,67.4,0,0,0
4,1,9,-2.15,-15.05,67.4,0,0,0
5,1,9,2.15,-15.05,67.4,0,0,0
6,1,9,6.45,-15.05,67.4,0,0,0
7,1,9,10.75,-15.05,67.4,0,0,0
8,1,9,15.05,-15.05,67.4,0,0,0
9,1,9,19.35,-15.05,67.4,0,0,0
0,2,9,-19.35,-10.75,67.4,2,1.50231e-07,0.150231
1,2,9,-15.05,-10.75,67.4,0,0,0
2,2,9,-10.75,-10.75,67.4,0,0,0
3,2,9,-6.45,-10.75,67.4,0,0,0
4,2,9,-2.15,-10.75,67.4,0,0,0
5,2,9,2.15,-10.75,67.4,0,0,0
6,2,9,6.45,-10.75,67.4,0,0,0
7,2,9,10.75,-10.75,67.4,0,0,0
8,2,9,15.05,-10.75,67.4,0,0,0
9,2,9,19.35,-10.75,67.4,0,0,0
0,3,9,-19.35,-6.45,67.4,0,0,0
1,3,9,-15.05,-6.45,67.4,0,0,0
2,3,9,-10.75,-6.45,67.4,0,0,0
3,3,9,-6.45,-6.45,67.4,0,0,0
4,3,9,-2.15,-6.45,67.4,0,0,0
5,3,9,2.15,-6.45,67.4,0,0,0
6,3,9,6.45,-6.45,67.4,0,0,0
7,3,9,10.75,-6.45,67.4,0,0,0
8,3,9,15.05,-6.45,67.4,0,0,0
9,3,9,19.35,-6.45,67.4,0,0,0
0,4,9,-19.35,-2.15,67.4,0,0,0
1,4,9,-15.05,-2.15,67.4,0,0,0
2,4,9,-10.75,-2.15,67.4,0,0,0
3,4,9,-6.45,-2.15,67.4,0,0,0
4,4,9,-2.15,-2.15,67.4,0,0,0
5,4,9,2.15,-2.15,67.4,0,0,0
6,4,9,6.45,-2.15,67.4,0,0,0
7,4,9,10.75,-2.15,67.4,0,0,0
8,4,9,15.05,-2.15,67.4,0,0,0
9,4,9,19.35,-2.15,67.4,0,0,0
0,5,9,-19.35,2.15,67.4,0,0,0
1,5,9,-15.05,2.15,67.4,0,0,0
2,5,9,-10.75,2.15,67.4,0,0,0
3,5,9,-6.45,2.15,67.4,0,0,0
4,5,9,-2.15,2.15,67.4,0,0,0
5,5,9,2.15,2.15,67.4,0,0,0
6,5,9,6.45,2.15,67.4,0,0,0
7,5,9,10.75,2.15,67.4,0,0,0
8,5,9,15.05,2.15,67.4,0,0,0
9,5,9,19.35,2.15,67.4,3,2.25347e-07,0.225347
0,6,9,-19.35,6.45,67.4,1,7.51157e-08,0.0751157
1,6,9,-15.05,6.45,67.4,0,0,0
2,6,9,-10.75,6.45,67.4,0,0,0
3,6,9,-6.45,6.45,67.4,0,0,0
4,6,9,-2.15,6.45,67.4,0,0,0
5,6,9,2.15,6.45,67.4,0,0,0
6,6,9,6.45,6.45,67.4,0,0,0
7,6,9,10.75,6.45,67.4,0,0,0
8,6,9,15.05,6.45,67.4,0,0,0
9,6,9,19.35,6.45,67.4,0,0,0
0,7,9,-19.35,10.75,67.4,1,7.51157e-08,0.0751157
1,7,9,-15.05,10.75,67.4,0,0,0
2,7,9,-10.75,10.75,67.4,0,0,0
3,7,9,-6.45,10.75,67.4,0,0,0
4,7,9,-2.15,10.75,67.4,0,0,0
5,7,9,2.15,10.75,67.4,0,0,0
6,7,9,6.45,10.75,67.4,0,0,0
7,7,9,10.75,10.75,67.4,0,0,0
8,7,9,15.05,10.75,67.4,3,2.25347e-07,0.225347
9,7,9,19.35,10.75,67.4,0,0,0
0,8,9,-19.35,15.05,67.4,0,0,0
1,8,9,-15.05,15.05,67.4,1,7.51157e-08,0.0751157
2,8,9,-10.75,15.05,67.4,0,0,0
3,8,9,-6.45,15.05,67.4,0,0,0
4,8,9,-2.15,15.05,67.4,0,0,0
5,8,9,2.15,15.05,67.4,0,0,0
6,8,9,6.45,15.05,67.4,0,0,0
7,8,9,10.75,15.05,67.4,1,7.51157e-08,0.0751157
8,8,9,15.05,15.05,67.4,0,0,0
9,8,9,19.35,15.05,67.4,0,0,0
0,9,9,-19.35,19.35,67.4,0,0,0
1,9,9,-15.05,19.35,67.4,0,0,0
2,9,9,-10.75,19.35,67.4,0,0,0
3,9,9,-6.45,19.35,67.4,3,2.25347e-07,0.225347
4,9,9,-2.15,19.35,67.4,0,0,0
5,9,9,2.15,19.35,67.4,2,1.50231e-07,0.150231
6,9,9,6.45,19.35,67.4,2,1.50231e-07,0.150231
7,9,9,10.75,19.35,67.4,0,0,0
8,9,9,15.05,19.35,67.4,0,0,0
9,9,9,19.35,19.35,67.4,0,0,0
